"Paper Title","Paper Link","Publication Year","Publication Type","Publication Title","Author Names","DOI","PDF Link","Open Access","Citations count","Google Scholar ID","PubMed ID","PMC ID","References","Grants","arXiv ID","Updated Date","Primary Category","Categories","Source","Relevance","Abstract","Results"
"Application of Extreme Value Theory to Economic Capital Estimation","https://scispace.com/papers/application-of-extreme-value-theory-to-economic-capital-3fsr4uozqi","2010","Book Chapter","","Samit Paul
Andrew Barnes","10.1007/978-0-8176-4799-5_27","","No","","","","","","","","","","","SciSpace","- **Relevance Score:** 100/100 - **Relevance Tag:** Highly Relevant - **Reasoning:** Uses EVT to model loss tails, bootstraps EVT estimates for VaR, applies to credit portfolios; compares to noisy empirical method; lacks formal proofs; includes Monte Carlo generation of losses.","We are interested in the risk of large losses of certain common financial portfolios (e.g., credit portfolios with default risk). In these cases, we would like to estimate a risk statistic called Value-at-Risk (VaRα) at an extremely high risk level α (typically 99.99%). This high risk level corresponds to rare events for which it is difficult or impossible to obtain data. We first use Monte Carlo simulation to compute a probability distribution for the portfolio loss. We then use Extreme Value Theory (EVT) to study the tail of this loss distribution. Finally we compute the VaR and associated confidence intervals using bootstrap techniques. For the portfolios under consideration, we have observed that the EVT-based approach results in narrower confidence intervals and hence less sampling uncertainty in computing the VaR. We have also observed that the bootstrap replicate’s distribution for the EVT-based method demonstrates a better shape than the empirical method (which is typically very noisy).","The EVT-based approach for estimating VaR at high risk levels (e.g., 99.99%) results in narrower confidence intervals. This leads to less sampling uncertainty when computing VaR for financial portfolios with large loss risks. Additionally, the bootstrap replicate's distribution for the EVT-based method shows a better shape compared to the typically noisy empirical method. These findings suggest that EVT provides a more robust and precise estimation of extreme Value-at-Risk."
"The Bootstrap Methodology and Adaptive Reduced-bias Tail Index and Value-at-Risk Estimation","https://scispace.com/papers/the-bootstrap-methodology-and-adaptive-reduced-bias-tail-47kfwinrhg","2009","","","M. Ivette Gomes
Sandra Mendon
Dinis Pestana","","","Yes","","","","","","","","","","","SciSpace","- **Relevance Score:** 100/100 - **Relevance Tag:** Highly Relevant - **Reasoning:** Uses EVT as core framework, applies bootstrap to select thresholds, estimates VaR via reduced-bias tail index; mentions insurance application but lacks method comparisons, theoretical proofs, or simulation results.","Under a semi-parametric framework, we consider second-order minimum-variance reduced-bias (MVRB) estimators of a positive extreme value index, the primary parameter in Statistics of Extremes, and associated estimation of the Value at Risk (V aR) at a level p, the size of the loss occurred with a small probability p. For these MVRB estimators, we propose the use of bootstrap computer-intensive methods for the adaptive choice of thresholds. Applications in the elds of insurance","The paper proposes using bootstrap computer-intensive methods for the adaptive choice of thresholds for second-order minimum-variance reduced-bias (MVRB) estimators. These estimators are used for a positive extreme value index and for the associated estimation of Value at Risk (VaR) at a level p. The methodology is considered under a semi-parametric framework. Applications are mentioned in the fields of insurance. The metadata does not detail specific empirical results, statistical findings, performance metrics, comparative results, or validation outcomes."
"Prediksi Risiko Kerugian Kebakaran Menggunakan Parametric Bootstrap","https://scispace.com/papers/prediksi-risiko-kerugian-kebakaran-menggunakan-parametric-40ddjkqiqwud","2025","Journal Article","Bandung Conference Series Statistics","Tribuana Dewi Anugrah
Sutawanir Darwis","10.29313/bcss.v5i2.20155","","No","","","","","","","","","","","SciSpace","- **Relevance Score:** 100/100 - **Relevance Tag:** Highly Relevant - **Reasoning:** Uses EVT with POT and GPD, applies parametric bootstrap to estimate OpVaR for fire insurance losses, delivering reliable tail‑risk estimates; lacks method comparisons or theoretical proofs.","Abstract. Fire is a non-natural disaster that has a significant impact, both materially and non-materially. Extreme loss estimates are needed to support decision-making in risk mitigation and financial protection through insurance. This study aims to predict the maximum potential loss from a single extreme fire event using the Extreme Value Theory (EVT), Generalized Pareto Distribution (GPD), and parametric bootstrap approaches. The data used are fire insurance claims in Norway during the period 1972–1992, totaling 9181 incidents. The Peaks Over Threshold (POT) approach was used to identify extreme data above the threshold at the 90th percentile, which was 3602 (1000 Norwegian Kroner). The extreme data were modelled using GPD with parameter estimation via Maximum Likelihood Estimation (MLE), followed by parametric bootstrap to evaluate uncertainty and calculate Operational Value at Risk (OpVaR) at a 99% confidence level. The average OpVaR from 1000 iterations was 19920.33 (1000 Norwegian Kroner), with a 95% confidence interval between 18005.53 and 22197.63 (1000 Norwegian Kroner). The results indicate that the parametric bootstrap approach effectively enhances the reliability of the GPD model. This study contributes to the development of applied statistical methods in fire risk management and extreme event-based insurance strategy planning. Abstrak. Kebakaran merupakan bencana nonalam yang berdampak signifikan secara materi maupun nonmateri. Estimasi kerugian ekstrem diperlukan untuk mendukung pengambilan keputusan dalam mitigasi risiko dan perlindungan finansial melalui asuransi. Penelitian ini bertujuan memprediksi potensi kerugian maksimum dari satu kejadian kebakaran ekstrem menggunakan pendekatan Extreme Value Theory (EVT), Generalized Pareto Distribution (GPD), dan parametric bootstrap. Data yang digunakan adalah klaim asuransi kebakaran di Norwegia selama periode 1972–1992 sebanyak 9181 kejadian. Pendekatan Peaks Over Threshold (POT) digunakan untuk mengidentifikasi data ekstrem di atas ambang batas pada persentil ke-90, yaitu sebesar 3602 (1000 Krona Norwegia). Data ekstrem dimodelkan menggunakan GPD dengan estimasi parameter melalui Maximum Likelihood Estimation (MLE), dilanjutkan parametric bootstrap untuk mengevaluasi ketidakpastian dan menghitung Operational Value at Risk (OpVaR) pada tingkat kepercayaan 99%. Rata-rata OpVaR dari 1000 iterasi sebesar 19920.33 (1000 Krona Norwegia), dengan interval kepercayaan 95% antara 18005.53 hingga 22197.63 (1000 Krona Norwegia). Hasil menunjukkan bahwa pendekatan parametric bootstrap efektif memperkuat keandalan model GPD. Penelitian ini berkontribusi pada pengembangan metode statistik terapan dalam manajemen risiko kebakaran serta perencanaan strategi asuransi berbasis kejadian ekstrem.","The study found that the average Operational Value at Risk (OpVaR) from 1000 iterations was 19920.33 (1000 Norwegian Kroner) at a 99% confidence level. A 95% confidence interval for this OpVaR was established between 18005.53 and 22197.63 (1000 Norwegian Kroner). The parametric bootstrap approach was shown to effectively enhance the reliability of the Generalized Pareto Distribution (GPD) model. These results contribute to applied statistical methods for fire risk management and planning insurance strategies based on extreme events."
"Spectral Bootstrap for Non-Parametric Simulation of Multivariate Extreme
  Events","http://arxiv.org/abs/2509.26451v1","2025","Preprint","","Nisrine Madhar
Juliette Legrand
Maud Thomas","","http://arxiv.org/pdf/2509.26451v1","Yes","","","","","","","http://arxiv.org/abs/2509.26451v1","2025-09-30T16:07:07Z","stat.ME","stat.ME","arXiv","- **Relevance Score:** 100/100 - **Relevance Tag:** Highly Relevant - **Reasoning:** Uses EVT spectral representation, introduces multivariate bootstrap preserving tails, estimates VaR/ES, includes simulation study; lacks detailed alternative comparisons, domain focus, and theoretical proofs.","Inference in extreme value theory relies on a limited number of extreme observations, making estimation challenging. To address this limitation, we propose a non-parametric bootstrap procedure, the multivariate extreme spectral bootstrap procedure, relying on the spectral representation of multivariate generalized Paretodistributed random vectors. Unlike standard bootstrap methods, our approach preserves the joint tail behaviour of the data and generates additional synthetic extreme data, thereby improving the reliability of inference. We demonstrate the effectiveness of our procedure for the estimation of tail risk metrics, under both simulated and real data. The results highlight the potential of this method for enhancing risk assessment in high-dimensional extreme scenarios.","The paper proposes a multivariate extreme spectral bootstrap procedure that preserves the joint tail behavior of data and generates synthetic extreme data. The effectiveness of this procedure was demonstrated for estimating tail risk metrics using both simulated and real data. The results indicate that this method enhances the reliability of inference by addressing the limitation of limited extreme observations. This highlights the potential of the method for improving risk assessment in high-dimensional extreme scenarios."
"Beyond the Sample: Extreme Quantile and Probability Estimation","https://scispace.com/papers/beyond-the-sample-extreme-quantile-and-probability-4l68gl0eyz","1997","Posted Content","Research Papers in Economics","Jon Danielsson
Casper G. de Vries","","https://www.econstor.eu/bitstream/10419/85542/1/98016.pdf","Yes","119","","","","","","","","","","SciSpace","- **Relevance Score:** 100/100 - **Relevance Tag:** Highly Relevant - **Reasoning:** Uses EVT to model heavy‑tail data, applies a subsample bootstrap for threshold and quantile estimation, targets extreme probability/quantile (tail‑risk) measures, discusses convergence in probability, mentions finance/insurance applications, but lacks explicit alternative method comparison and simulation results.","textEconomic problems such as large claims analysis in insurance and value-at-risk in finance, require assessment of the probability P of extreme realizations Q. This paper provided a semi-parametric method for estimation of extreme (P, Q) combinations for data with heavy tails. We solve the long standing problem of estimating the sample treshold of where the tail of the distribution starts. This is accomplished by the combination of a control variate type device and a subsample bootstrap technique. The subsample bootstrap attains convergence in probability, whereas the full sample bootstrap would only provide convergence in distribution. This permits a complete and comprehensive treatment of extreme (P, Q) estimation.","This paper presents a semi-parametric method for estimating extreme (P, Q) combinations for heavy-tailed data. A key theoretical result is solving the problem of estimating the sample threshold for the distribution's tail. This is achieved using a control variate type device combined with a subsample bootstrap technique. The subsample bootstrap attains convergence in probability, which is a stronger statistical finding compared to the full sample bootstrap's convergence in distribution. The practical implication is a complete and comprehensive treatment for extreme (P, Q) estimation, relevant for economic problems like large claims analysis and value-at-risk."
"Empirical Analysis of Value-at-Risk Estimation Methods Using Extreme Value Theory","https://scispace.com/papers/empirical-analysis-of-value-at-risk-estimation-methods-using-va6bcv26aokt","","","","TIAN Hong-wei
ZHAN Yuan-rui
QIU Jun","10.3321/j.issn:1000-6788.2000.10.004","","No","","","","","","","","","","","SciSpace","- **Relevance Score:** 100/100 - **Relevance Tag:** Highly Relevant - **Reasoning:** Uses EVT to model tails, applies two-step subsample bootstrap for VaR, compares against normal/empirical methods, focuses on foreign‑exchange data; lacks formal proofs and simulation.","This paper investigates methods of value-at-risk (VaR) estimation using extreme value theory (EVT). Itcompares two different estimation methods, 。two-step subsample bootstrap' based on moment estimation and maximumlikelihood estimation (MLE), according to their theoretical bases and computation procedures. Then, the estimationresults are analyzed together with those of normal method and empirical method. The empirical research of foreignexchange data shows that the EVT methods have good characters in estimating VaR under extreme conditions and'two-step subsample bootstrap' method is preferable to MLE.","The empirical research on foreign exchange data indicates that EVT methods demonstrate good characteristics for estimating VaR under extreme conditions. Specifically, the 'two-step subsample bootstrap' method is found to be preferable to Maximum Likelihood Estimation (MLE). This study compares these EVT methods with normal and empirical methods. The findings suggest practical implications for VaR estimation in volatile market conditions."
"Which extreme values are really extreme?","https://academic.oup.com/jfec/article-abstract/2/3/349/775575","2004","Journal Article","Journal of Financial Econometrics","Jesus Gonzalo
Jose Olmo","10.1093/JJFINEC/NBH014","http://fmwww.bc.edu/RePEc/esNAWM04/up.7510.1048448319.pdf","Yes","67","ppxgbMeMWi0J","","","","","","","","","SciSpace","- **Relevance Score:** 100/100 - **Relevance Tag:** Highly Relevant - **Reasoning:** Uses GPD within EVT to define extremes; applies a semiparametric bootstrap to test GPD fit; estimates tail index and VaR for financial indexes; no alternative method comparison, theoretical proofs, or simulation study; finance application highlighted.","We define the extreme values of any random sample of size n from a distribution function F as the observations exceeding a threshold and following a type of generalized Pareto distribution (GPD) involving the tail index of F. The threshold is the order statistic that minimizes a Kolmogorov-Smirnov statistic between the empirical distribution of the corresponding largest observations and the corresponding GPD. To formalize the definition we use a semiparametric bootstrap to test the corresponding GPD approximation. Finally, we use our methodology to estimate the tail index and value at risk (VaR) of some financial indexes of major stock markets.","The paper defines extreme values as observations exceeding a threshold and following a generalized Pareto distribution (GPD) involving the tail index. A semiparametric bootstrap is used to test the GPD approximation, formalizing the definition. The methodology is applied to estimate the tail index and Value at Risk (VaR) for financial indexes of major stock markets. The paper does not include a comparison with alternative methods, theoretical proofs, or a simulation study."
"The bootstrap methodology and adaptive reduced-bias tail index and Value-at-Risk estimation","http://ceaul.org/wp-content/uploads/2018/10/ASMDANC.pdf","2009","","","M. Ivette Gomes
Sandra Mendon
Dinis Pestana","","http://ceaul.org/wp-content/uploads/2018/10/ASMDANC.pdf","Yes","26","FXJQCvi2vVIJ","","","","","","","","","SciSpace","- **Relevance Score:** 100/100 - **Relevance Tag:** Highly Relevant - **Reasoning:** Uses EVT to model extremes, applies bootstrap for adaptive threshold selection, estimates tail index and VaR, and demonstrates the method on insurance data.","Under a semi-parametric framework, we consider second-order minimum-variance reduced-bias (MVRB) estimators of a positive extreme value index, the primary parameter in Statistics of Extremes, and associated estimation of the Value at Risk (V aR) at a level p, the size of the loss occurred with a small probability p. For these MVRB estimators, we propose the use of bootstrap computer-intensive methods for the adaptive choice of thresholds. Applications in the elds of insurance","Not available in metadata."
"A New Method to Compute Value-at-Risk: Extreme Value Theory","https://scispace.com/papers/a-new-method-to-compute-value-at-risk-extreme-value-theory-1h6jofb0z8","2000","Posted Content","Social Science Research Network","Tian Hongwei","","","Yes","","","","","","","","","","","SciSpace","- **Relevance Score:** 100/100 - **Relevance Tag:** Highly Relevant - **Reasoning:** Uses EVT with a two‑step subsample bootstrap to estimate VaR for FX rates, but lacks comparisons, theoretical proofs, or simulation validation.","As an integrated method to measure finance risks, value-at-risk(VaR) has been investigated widely in recent years. This paper introduces a new model to compute VaR--Extreme Value Theory(EVT). It gives parametric estimations of the tail distribution by means of second order expansion. A procedure and program named ""two step subsample bootstrap"" was developed to find the start point of extreme and to estimate VaR. The computation result of JPY/USD foreign exchange presented at last proved that the EVT method has a good character in estimating VaR.","The paper introduces Extreme Value Theory (EVT) as a new model to compute Value-at-Risk (VaR), providing parametric estimations of the tail distribution via second-order expansion. A ""two step subsample bootstrap"" procedure and program were developed to find the extreme start point and estimate VaR. The computation results for JPY/USD foreign exchange demonstrated that the EVT method possesses a good character in estimating VaR. The study's relevance summary notes that it uses EVT with a two-step subsample bootstrap to estimate VaR for FX rates. However, it lacks comparisons with alternative methods, theoretical guarantees, or simulation validation."
"Adaptive Reduced-Bias Tail Index and VaR Estimation via the Bootstrap Methodology","https://scispace.com/papers/adaptive-reduced-bias-tail-index-and-var-estimation-via-the-2cqgetmw5n","2011","Journal Article","Communications in Statistics-theory and Methods","M. Ivette Gomes
Sandra Mendonça
Dinis Pestana","10.1080/03610926.2011.562782","","No","","","","","","","","","","","SciSpace","- **Relevance Score:** 100/100 - **Relevance Tag:** Highly Relevant - **Reasoning:** Uses EVT to estimate extreme value index and VaR, employs bootstrap for adaptive threshold selection, directly targets tail‑risk measures; includes finance/insurance applications, a modest simulation, and some comparative discussion.","In this article, we deal with the estimation, under a semi-parametric framework, of a positive extreme value index γ, the primary parameter in Statistics of Extremes, and associated estimation of the Value at Risk (VaR) at a level p, the size of the loss occurred with a small probability p. We consider second-order minimum-variance reduced-bias (MVRB) estimators, and propose the use of bootstrap computer-intensive methods for the adaptive choice of thresholds, both for γ and Var p . Applications in the fields of insurance and finance, as well as a small-scale simulation study of the bootstrap adaptive estimators’ behaviour, are also provided.","The paper deals with the estimation of a positive extreme value index γ and associated Value at Risk (VaR) at a level p, using second-order minimum-variance reduced-bias (MVRB) estimators. It proposes using bootstrap computer-intensive methods for the adaptive choice of thresholds for both γ and VaR p. The research includes applications in the fields of insurance and finance. A small-scale simulation study of the bootstrap adaptive estimators' behavior is also provided."
"A Partially Reduced Bias Class of Value-at-Risk Estimators","https://scispace.com/papers/a-partially-reduced-bias-class-of-value-at-risk-estimators-3aq44tyjpw","2015","","","M. Ivette Gomes
Frederico Caeiro
Fernanda Figueiredo
Dinis Pestana","","","Yes","","","","","","","","","","","SciSpace","- **Relevance Score:** 99/100 - **Relevance Tag:** Highly Relevant - **Reasoning:** Provides a new EVT‑based VaR estimator with bias‑reduced EVI, uses double‑bootstrap for tuning, applies to finance, offers limited comparisons and theory, lacks explicit simulation.","For any level q, 0 < q < 1, and on the basis of a sample (X1, . . . , Xn) of either independent, identically distributed or possibly weakly dependent and stationary random variables from an unknown model F with a heavy right-tail function, the value-at-risk at the level q, denoted by VaRq, the size of the loss that occurred with a small probability q, is estimated by a recent semi-parametric procedure based on a partially reduced-bias extreme value index (EVI) class of estimators, a generalization of the classical Hill EVI-estimator, related to the mean-of-order-p of an adequate set of statistics. Such an estimator depends on two tuning parameters p and k, with p ≥ 0 and 1 ≤ k < n the number of top order statistics involved in the semi-parametric estimation, and outperforms previous estimation procedures. The adequate choice of k and p can be done through the use of either a computer-intensive double-bootstrap method or through reliable heuristic procedures. An application in the field of finance is also provided.","The paper proposes a semi-parametric procedure for estimating Value-at-Risk (VaRq) using a partially reduced-bias extreme value index (EVI) class of estimators, which generalizes the classical Hill EVI-estimator. This new estimator depends on two tuning parameters, p and k, and is stated to outperform previous estimation procedures. The optimal choice of k and p can be achieved via a computer-intensive double-bootstrap method or reliable heuristic procedures. An application in the field of finance is also provided, indicating practical relevance."
"Inference on the tail process with application to financial time series
  modelling","http://arxiv.org/abs/1604.00954v2","2016","Preprint","","R. A. Davis
H. Drees
J. Segers
M. Warchoł","","http://arxiv.org/pdf/1604.00954v2","Yes","","","","","","","http://arxiv.org/abs/1604.00954v2","2018-01-29T11:02:46Z","stat.ME","stat.ME, 62G32, 62M10","arXiv","- **Relevance Score:** 96/100 - **Relevance Tag:** Highly Relevant - **Reasoning:** Uses EVT spectral tail process, applies stationary and multiplier block bootstrap, provides asymptotic theory and Monte‑Carlo study, focuses on financial shocks rather than explicit VaR/ES.","To draw inference on serial extremal dependence within heavy-tailed Markov chains, Drees, Segers and Warcho{\l} [Extremes (2015) 18, 369--402] proposed nonparametric estimators of the spectral tail process. The methodology can be extended to the more general setting of a stationary, regularly varying time series. The large-sample distribution of the estimators is derived via empirical process theory for cluster functionals. The finite-sample performance of these estimators is evaluated via Monte Carlo simulations. Moreover, two different bootstrap schemes are employed which yield confidence intervals for the pre-asymptotic spectral tail process: the stationary bootstrap and the multiplier block bootstrap. The estimators are applied to stock price data to study the persistence of positive and negative shocks.","The large-sample distribution of the proposed nonparametric estimators for the spectral tail process is derived using empirical process theory for cluster functionals. Finite-sample performance of these estimators is evaluated through Monte Carlo simulations. Two bootstrap schemes, stationary and multiplier block bootstrap, are employed to yield confidence intervals for the pre-asymptotic spectral tail process. The estimators are applied to stock price data to study the persistence of positive and negative shocks."
"Bootstrapping Extreme Value Statistics","https://scispace.com/papers/bootstrapping-extreme-value-statistics-3apuquzbdj","2016","","","T.M. Groen","","https://scispace.com/pdf/bootstrapping-extreme-value-statistics-3apuquzbdj.pdf","Yes","","","","","","","","","","","SciSpace","- **Relevance Score:** 96/100 - **Relevance Tag:** Highly Relevant - **Reasoning:** Uses EVT (Hill, PWM) and bootstraps block maxima/estimators; derives asymptotic variance for extreme quantiles. Estimates tail quantiles (not explicit VaR/ES). Provides limiting distribution proofs.","In this thesis we investigate the use of bootstrapping schemes to estimate the variance of estimators from extreme value theory. We consider estimators for the extreme value index, the central parameter in extreme value theory, and extreme quantiles for two fundamental ap- proaches in extreme value theory. We analyse the Hill estimator for the extreme value index and the Weissman estimator for extreme quantiles from the peaks over threshold approach and the probability weighted moment estimators for the extreme value index and extreme quantiles from the block maxima approach. We find the limiting distributions of a boot- strapped sample and bootstrapped block maxima and subsequently determine the asymptotic behaviour of the bootstrapped Hill estimator and the bootstrapped probability weighted mo- ment estimators. For the latter estimators, we provide an heuristic argument to show that one may use the sample variance of bootstrapped estimators to estimate the variance of the initial estimator.","The paper finds the limiting distributions of a bootstrapped sample and bootstrapped block maxima. It determines the asymptotic behavior of the bootstrapped Hill estimator and bootstrapped probability weighted moment estimators. For the latter, it provides a heuristic argument suggesting that the sample variance of bootstrapped estimators can estimate the variance of the initial estimator. The research focuses on estimators for the extreme value index and extreme quantiles within the peaks over threshold and block maxima approaches."
"Adaptive estimation of heavy right tails: the bootstrap methodology in action","https://www.researchgate.net/profile/Maria-Gomes-14/publication/343162126_Adaptive_Estimation_of_Heavy_Right_Tails_the_Bootstrap_Methodology_in_Action/links/5f198dec45851515ef421fcc/Adaptive-Estimation-of-Heavy-Right-Tails-the-Bootstrap-Methodology-in-Action.pdf","","","","MI Gomes
F Figueiredo
MM Neves","","https://www.researchgate.net/profile/Maria-Gomes-14/publication/343162126_Adaptive_Estimation_of_Heavy_Right_Tails_the_Bootstrap_Methodology_in_Action/links/5f198dec45851515ef421fcc/Adaptive-Estimation-of-Heavy-Right-Tails-the-Bootstrap-Methodology-in-Action.pdf","No","34","D6sGnBuguvwJ","","","","","","","","","Google Scholar","- **Relevance Score:** 95/100 - **Relevance Tag:** Highly Relevant - **Reasoning:** Uses EVT to model heavy right tails, bootstraps EVT estimators, targets tail‑index/VaR estimation, includes Monte‑Carlo study, offers limited method comparisons and theoretical insights.","","Not available in metadata."
"Estimating and Forecasting Conditional Risk Measures with Extreme Value Theory: A Review","https://scispace.com/papers/estimating-and-forecasting-conditional-risk-measures-with-fclds1xz9j","2018","Journal Article","","Marco Bee
Luca Trapin","10.3390/RISKS6020045","https://www.mdpi.com/2227-9091/6/2/45/pdf","Yes","","","","","","","","","","","SciSpace","- **Relevance Score:** 95/100 - **Relevance Tag:** Highly Relevant - **Reasoning:** Reviews EVT models for conditional tail risk in finance, covers VaR/ES estimation, mentions bootstrap approaches, compares methods, and discusses asymptotic theory.","One of the key components of financial risk management is risk measurement. This typically requires modeling, estimating and forecasting tail-related quantities of the asset returns’ conditional distribution. Recent advances in the financial econometrics literature have developed several models based on Extreme Value Theory (EVT) to carry out these tasks. The purpose of this paper is to review these methods.","This paper reviews models based on Extreme Value Theory (EVT) for financial risk management, specifically focusing on modeling, estimating, and forecasting tail-related quantities of asset returns' conditional distribution. The purpose is to review these methods, rather than presenting new empirical or theoretical results. It covers the estimation of conditional Value-at-Risk (VaR) and Expected Shortfall (ES) and discusses bootstrap approaches. The review also compares various methods and considers their asymptotic theory. The practical implication is to provide an overview of EVT-based techniques for risk measurement in finance."
"Estimation of tail-related risk measures for heteroscedastic financial time series: an extreme value approach","https://www.sciencedirect.com/science/article/pii/S0927539800000128","2000","Journal Article","Journal of Empirical Finance","Alexander J. McNeil
Rüdiger Frey","10.1016/S0927-5398(00)00012-8","http://faculty.washington.edu/ezivot/econ589/EVT_Mcneil_Frey_2000.pdf","No","2762","ppn-rvRpOAcJ","","","","","","","","","Google Scholar","- **Relevance Score:** 95/100 - **Relevance Tag:** Highly Relevant - **Reasoning:** Uses EVT as core framework to model heteroscedastic financial series tails; estimates VaR/ES; applies bootstrap for hypothesis testing; includes finance application; offers limited bootstrap‑EVT integration, modest comparisons, and some asymptotic/simulation insights.","","The paper uses Extreme Value Theory (EVT) as a core framework to model heteroscedastic financial series tails and estimates Value-at-Risk (VaR) and Expected Shortfall (ES). It applies a bootstrap test for hypothesis testing. The paper offers limited bootstrap-EVT integration, modest comparisons, and some asymptotic/simulation insights."
"The application of extreme value theory on computing value-at-risk of exchange rates","https://scispace.com/papers/the-application-of-extreme-value-theory-on-computing-value-1ihx4s4y45","2000","Journal Article","Journal of systems engineering","Zhan Yuan","","","Yes","","","","","","","","","","","SciSpace","- **Relevance Score:** 94/100 - **Relevance Tag:** Highly Relevant - **Reasoning:** Uses EVT to model exchange‑rate tails, applies a two‑step subsample bootstrap for VaR estimation, focuses on finance application; lacks comparative, theoretical, and simulation analyses.","As an integrated method to measure finance risks, value at risk(VaR) has been investigated widely in recent years. This paper introduces a new model to compute VaR - extreme value theory (EVT). It gives parametric estimations of the tail distribution by means of second order expansion. A percedure and program named “two step subsample bootstrap” was developed to find the start point of extreme and to estimate VaR. The computation result of JPY/USD foreign exchange rate presented at last proved that the EVT method has a good character in estimating VaR.","The paper introduces a new Extreme Value Theory (EVT) model for computing Value-at-Risk (VaR), which provides parametric estimations of the tail distribution using second-order expansion. A ""two step subsample bootstrap"" procedure and program were developed to identify the extreme start point and estimate VaR. The computation result for the JPY/USD foreign exchange rate demonstrated that the EVT method exhibits a good character in estimating VaR. This suggests a practical implication for finance risk measurement."
"Tail Empirical Processes: Limit Theorems and Bootstrap Techniques, with Applications to Risk Measures","https://scispace.com/papers/tail-empirical-processes-limit-theorems-and-bootstrap-1i981i2mkg","2018","Dissertation","","Hicham Loukrati","10.20381/RUOR-21861","https://scispace.com/pdf/tail-empirical-processes-limit-theorems-and-bootstrap-1i981i2mkg.pdf","Yes","","","","","","","","","","","SciSpace","- **Relevance Score:** 93/100 - **Relevance Tag:** Highly Relevant - **Reasoning:** Uses tail empirical processes to develop CTE and VaR estimators, provides asymptotic theory and non‑parametric bootstrap results, includes simulation studies, focuses on insurance risk, but lacks direct comparison with other methods.","Au cours des dernières années, des changements importants dans le domaine des assurances et des finances attirent de plus en plus l’attention sur la nécessité d’élaborer un cadre normalisé pour la mesure des risques. Récemment, il y a eu un intérêt croissant de la part des experts en assurance sur l’utilisation de l’espérance conditionnelle des pertes (CTE) parce qu’elle partage des propriétés considérées comme souhaitables et applicables dans diverses situations. En particulier, il répond aux exigences d’une mesure de risque “cohérente”, selon Artzner [2]. Cette thèse représente des contributions à l’inférence statistique en développant des outils, basés sur la convergence des intégrales fonctionnelles, pour l’estimation de la CTE qui présentent un intérêt considérable pour la science actuarielle. Tout d’abord, nous développons un outil permettant l’estimation de la moyenne conditionnelle E[X|X > x], ensuite nous construisons des estimateurs de la CTE, développons la théorie asymptotique nécessaire pour ces estimateurs, puis utilisons la théorie pour construire des intervalles de confiance. Pour la première fois, l’approche de bootstrap non paramétrique est explorée dans cette thèse en développant des nouveaux résultats applicables à la valeur à risque (VaR) et à la CTE. Des études de simulation illustrent la performance de la technique de bootstrap.","The paper presents contributions to statistical inference by developing tools for estimating Conditional Tail Expectation (CTE), based on the convergence of functional integrals. It constructs estimators for CTE, develops the necessary asymptotic theory, and uses this theory to build confidence intervals. For the first time, a non-parametric bootstrap approach is explored, yielding new results applicable to Value-at-Risk (VaR) and CTE. Simulation studies illustrate the performance of the bootstrap technique. The practical implication is the development of a standardized framework for risk measurement, particularly for actuarial science."
"Regression Estimator for the Tail Index","https://scispace.com/papers/regression-estimator-for-the-tail-index-3u64pegeia","2020","Journal Article","Journal of statistical theory and practice","László Németh
András Zempléni","10.1007/S42519-020-00114-7","https://scispace.com/pdf/regression-estimator-for-the-tail-index-3u64pegeia.pdf","Yes","","","","","","","","","","","SciSpace","- **Relevance Score:** 93/100 - **Relevance Tag:** Highly Relevant - **Reasoning:** Uses EVT to model tails and introduces a bootstrap‑based tail‑index estimator; compares against Hill, KS, and double‑bootstrap methods; includes extensive Monte‑Carlo simulations; provides limited asymptotic discussion; no specific application domain presented.","Estimating the tail index parameter is one of the primal objectives in extreme value theory For heavy-tailed distributions the Hill estimator is the most popular way to estimate this parameter Several recent publications’ aim was to improve the Hill estimator, using different methods, for example the bootstrap, or the Kolmogorov–Smirnov metric These methods are asymptotically consistent, but for tail index $$\xi >05$$ the estimations fail to approach the theoretical value for realistic sample sizes In this paper, we introduce new empirical methods, which combine the advantages of the Kolmogorov–Smirnov approach and the bootstrap We demonstrate that our estimators are able to estimate large tail index parameters well and might also be useful for relatively small sample sizes As an application, we consider the classic Danish fire data set and the most destructive natural disasters in Europe","The paper introduces new empirical methods that combine the Kolmogorov-Smirnov approach and the bootstrap for estimating the tail index. These estimators are demonstrated to be able to estimate large tail index parameters well and may also be useful for relatively small sample sizes, addressing a limitation where previous methods fail for tail index $\\xi > 0.5$ with realistic sample sizes. The methods are applied to the classic Danish fire data set and the most destructive natural disasters in Europe. The `tldr` further notes that the authors combine the advantages of the Kolmogorov-Smirnov approach and the bootstrap to estimate large tail index parameters well and might also be useful for relatively small sample sizes. The `relevance_summary` indicates the paper uses Extreme Value Theory (EVT) to model tails, introduces a bootstrap-based tail-index estimator, and includes extensive Monte-Carlo simulations, comparing it against Hill, KS, and double-bootstrap methods."
"Bootstrap methods in statistics of extremes","https://onlinelibrary.wiley.com/doi/abs/10.1002/9781118650318.ch6","2016","Book Chapter","","M. Ivette Gomes
Frederico Caeiro
Lígia Henriques-Rodrigues
B.G. Manjunath","10.1002/9781118650318.CH6","https://www.researchgate.net/profile/Maria-Gomes-14/publication/343193370_Bootstrap_methods_in_statistics_of_extremes/links/5f1b273c45851515ef4779e1/Bootstrap-methods-in-statistics-of-extremes.pdf","No","52","Ef70UeYV2tUJ","","","","","","","","","Google Scholar","- **Relevance Score:** 93/100 - **Relevance Tag:** Highly Relevant - **Reasoning:** Uses EVT framework and bootstrap resampling for extreme‑value parameter estimation; includes asymptotic theory and some simulations, but lacks explicit VaR/ES focus or domain application.","","Not available in metadata."
"Regression Estimator for the Tail Index","https://scispace.com/papers/regression-estimator-for-the-tail-index-3u64pegeia","2020","Journal Article","Journal of statistical theory and practice","László Németh
András Zempléni","10.1007/S42519-020-00114-7","https://scispace.com/pdf/regression-estimator-for-the-tail-index-3u64pegeia.pdf","Yes","","","","","","","","","","","SciSpace Full Text","- **Relevance Score:** 92/100 - **Relevance Tag:** Highly Relevant - **Reasoning:** Uses EVT to derive tail‑index estimator, applies bootstrap subsampling, targets tail‑risk estimation, compares to Hill/K‑S methods, includes simulations, but lacks specific domain and detailed proofs.","Estimating the tail index parameter is one of the primal objectives in extreme value theory For heavy-tailed distributions the Hill estimator is the most popular way to estimate this parameter Several recent publications’ aim was to improve the Hill estimator, using different methods, for example the bootstrap, or the Kolmogorov–Smirnov metric These methods are asymptotically consistent, but for tail index $$\xi >05$$ the estimations fail to approach the theoretical value for realistic sample sizes In this paper, we introduce new empirical methods, which combine the advantages of the Kolmogorov–Smirnov approach and the bootstrap We demonstrate that our estimators are able to estimate large tail index parameters well and might also be useful for relatively small sample sizes As an application, we consider the classic Danish fire data set and the most destructive natural disasters in Europe","The paper introduces new empirical methods combining the Kolmogorov–Smirnov approach and bootstrap, demonstrating their ability to estimate large tail index parameters well. These estimators might also be useful for relatively small sample sizes. The methods are shown to overcome the failure of previous estimations to approach theoretical values for tail index $$\xi >05$$ with realistic sample sizes. Applications include the classic Danish fire data set and the most destructive natural disasters in Europe."
"Resampling-Based Methodologies in Statistics of Extremes: Environmental and Financial Applications","https://scispace.com/papers/resampling-based-methodologies-in-statistics-of-extremes-242ee66dow","2015","Book Chapter","","M. Ivette Gomes
Lígia Henriques-Rodrigues
Fernanda Figueiredo","10.1007/978-3-319-16121-1_6","","No","","","","","","","","","","","SciSpace","- **Relevance Score:** 92/100 - **Relevance Tag:** Highly Relevant - **Reasoning:** Uses bootstrap to estimate extreme value index ξ with adaptive k selection; applies to environmental and financial data; evaluates estimator performance but lacks explicit VaR/ES focus, alternative method comparison, and simulation study.","Resampling computer intensive methodologies, like the jackknife and the bootstrap are important tools for a reliable semi-parametric estimation of parameters of extreme or even rare events. Among these parameters we mention the extreme value index, ξ, the primary parameter in statistics of extremes. Most of the semi-parametric estimators of this parameter show the same type of behaviour: nice asymptotic properties, but a high variance for small k, the number of upper order statistics used in the estimation, a high bias for large k, and the need for an adequate choice of k. After a brief reference to some estimators of the aforementioned parameter and their asymptotic properties we present an algorithm that deals with an adaptive reliable estimation of ξ. Applications of these methodologies to the analysis of environmental and financial data sets are undertaken.","The paper presents an algorithm for adaptive and reliable estimation of the extreme value index, ξ, which is the primary parameter in statistics of extremes. This algorithm addresses common issues with semi-parametric estimators, such as high variance for small 'k' and high bias for large 'k' (where 'k' is the number of upper order statistics). The methodologies are applied to the analysis of environmental and financial data sets. The algorithm aims to provide an adaptive and reliable estimation of ξ."
"Bootstrap and empirical likelihood methods in extremes","https://link.springer.com/article/10.1007/s10687-007-0049-8","2008","Journal Article","Extremes","Yongcheng Qi","10.1007/S10687-007-0049-8","https://www.d.umn.edu/~yqi/mydownload/08extremes.pdf","No","54","faF_GG5BAagJ","","","","","","","","","SciSpace","- **Relevance Score:** 91/100 - **Relevance Tag:** Highly Relevant - **Reasoning:** Uses EVT as core framework; applies bootstrap to Hill and moment estimators; estimates tail index and high quantiles (related to tail‑risk); provides asymptotic confidence intervals; includes limited simulation; lacks direct VaR/ES focus, alternative method comparison, or specific application domain.","One of the major interests in extreme-value statistics is to infer the tail properties of the distribution functions in the domain of attraction of an extreme-value distribution and to predict rare events. In recent years, much effort in developing new methodologies has been made by many researchers in this area so as to diminish the impact of the bias in the estimation and achieve some asymptotic optimality in inference problems such as estimating the optimal sample fractions and constructing confidence intervals of various quantities. In particular, bootstrap and empirical likelihood methods, which have been widely used in many areas of statistics, have drawn attention. This paper reviews some novel applications of the bootstrap and the empirical likelihood techniques in extreme-value statistics.","This paper reviews novel applications of bootstrap and empirical likelihood techniques in extreme-value statistics. The methodologies aim to diminish the impact of bias in estimation and achieve asymptotic optimality in inference problems. These applications include estimating optimal sample fractions and constructing confidence intervals for various quantities. The paper focuses on the use of these widely adopted statistical methods within the context of extreme-value statistics to infer tail properties and predict rare events."
"Bootstrap and empirical likelihood methods in extremes","https://scispace.com/papers/bootstrap-and-empirical-likelihood-methods-in-extremes-3d7kfr42a7","2008","Journal Article","Extremes","Yongcheng Qi","10.1007/S10687-007-0049-8","https://scispace.com/pdf/bootstrap-and-empirical-likelihood-methods-in-extremes-3d7kfr42a7.pdf","No","","","","","","","","","","","SciSpace Full Text","- **Relevance Score:** 90/100 - **Relevance Tag:** Highly Relevant - **Reasoning:** Uses EVT framework extensively; applies bootstrap to Hill and moment estimators; constructs confidence intervals for tail index and high quantiles, but does not target VaR/ES or specific applications; includes asymptotic results and simulations, lacking method comparisons.","One of the major interests in extreme-value statistics is to infer the tail properties of the distribution functions in the domain of attraction of an extreme-value distribution and to predict rare events. In recent years, much effort in developing new methodologies has been made by many researchers in this area so as to diminish the impact of the bias in the estimation and achieve some asymptotic optimality in inference problems such as estimating the optimal sample fractions and constructing confidence intervals of various quantities. In particular, bootstrap and empirical likelihood methods, which have been widely used in many areas of statistics, have drawn attention. This paper reviews some novel applications of the bootstrap and the empirical likelihood techniques in extreme-value statistics.","This paper reviews novel applications of bootstrap and empirical likelihood techniques in extreme-value statistics. The focus is on inference problems such as estimating optimal sample fractions and constructing confidence intervals for various quantities. These methods aim to diminish estimation bias and achieve asymptotic optimality. The paper highlights the use of these techniques in inferring tail properties of distribution functions and predicting rare events."
"A comparison of extreme value theory approaches for determining value at risk","https://www.sciencedirect.com/science/article/pii/S0927539804000854","2004","Posted Content","Social Science Research Network","Chris Brooks
Andrew Clare
John W. Dalle Molle
Gita Persand","","https://centaur.reading.ac.uk/20555/1/20555.pdf","Yes","168","uziLpICS9CAJ","","","","","","","","","SciSpace","- **Relevance Score:** 89/100 - **Relevance Tag:** Highly Relevant - **Reasoning:** Uses EVT to model tails and estimate VaR; proposes semi‑nonparametric EVT approach; compares against several non‑bootstrap EVT and GARCH methods; applies to LIFFE futures; includes limited bootstrap (unconditional density, GARCH) not directly on EVT parameters; lacks formal theoretical proofs and Monte‑Carlo simulation.","This paper compares a number of different extreme value models for determining the value at risk of three LIFFE futures contracts. A semi-nonparametric approach is also proposed where the tail events are modeled using the Generalised Pareto Distribution and normal market conditions are captured by the empirical distribution function. The value at risk estimates from this approach are compared with those of standard nonparametric extreme value tail estimation approaches, with a small sample bias-corrected extreme value approach, and with those calculated from bootstrapping the unconditional density and bootstrapping from a GARCH(1,1) model. The results indicate that for a hold-out sample, the proposed semi-nonparametric extreme value approach yields superior results to other methods, but the small sample tail index technique is also accurate.","For a hold-out sample, the proposed semi-nonparametric extreme value approach, which models tail events using the Generalised Pareto Distribution and normal market conditions with the empirical distribution function, yields superior results compared to other methods. The small sample tail index technique was also found to be accurate. These findings are based on a comparison of Value at Risk estimates for three LIFFE futures contracts against standard nonparametric extreme value tail estimation, a small sample bias-corrected extreme value approach, and bootstrapping from unconditional density and GARCH(1,1) models."
"On the estimation of extreme directional multivariate quantiles","https://scispace.com/papers/on-the-estimation-of-extreme-directional-multivariate-20kgn166kf","2016","Posted Content","arXiv: Applications","Raúl Torres
Elena Di Bernardino
Henry Laniado
Rosa E. Lillo","","https://arxiv.org/pdf/1610.08386.pdf","Yes","","","","","","","","","","","SciSpace","- **Relevance Score:** 87/100 - **Relevance Tag:** Highly Relevant - **Reasoning:** Uses MEVT to define high‑level directional quantiles; bootstraps tuning parameter within EVT; quantiles relate to tail risk but not explicit VaR/ES; includes financial case, asymptotic normality proofs, and Monte‑Carlo simulations; no direct comparison to other methods.","In multivariate extreme value theory (MEVT), the focus is on analysis outside of the observable sampling zone, which implies that the region of interest is associated to high risk levels. This work provides tools to include directional notions into the MEVT, giving the opportunity to characterize the recently introduced directional multivariate quantiles (DMQ) at high levels. Then, an out-sample estimation method for these quantiles is given. A bootstrap procedure carries out the estimation of the tuning parameter in this multivariate framework and helps with the estimation of the DMQ. Asymptotic normality for the proposed estimator is provided and the methodology is illustrated with simulated data-sets. Finally, a real-life application to a financial case is also performed.","This work provides tools to characterize directional multivariate quantiles (DMQ) at high levels within multivariate extreme value theory. An out-sample estimation method for these quantiles is given, with a bootstrap procedure used for tuning parameter estimation and DMQ estimation. The proposed estimator demonstrates asymptotic normality, and the methodology is illustrated with simulated data-sets. A real-life financial application was also performed, showcasing its practical implications."
"Propagation of Input Tail Uncertainty in Rare-Event Estimation: A Light
  versus Heavy Tail Dichotomy","http://arxiv.org/abs/2401.00172v1","2023","Preprint","","Zhiyuan Huang
Henry Lam
Zhenyuan Liu","","http://arxiv.org/pdf/2401.00172v1","Yes","","","","","","","http://arxiv.org/abs/2401.00172v1","2023-12-30T08:42:04Z","math.ST","math.ST, math.PR, stat.TH, 60F10, 62G32, 65C05","arXiv","- **Relevance Score:** 87/100 - **Relevance Tag:** Highly Relevant - **Reasoning:** Uses EVT to analyze tail behavior and bootstrap to quantify model error; estimates rare-event probabilities, but lacks explicit VaR/ES focus, domain application, and formal comparisons or proofs. Includes some numerical experiments.","We consider the estimation of small probabilities or other risk quantities associated with rare but catastrophic events. In the model-based literature, much of the focus has been devoted to efficient Monte Carlo computation or analytical approximation assuming the model is accurately specified. In this paper, we study a distinct direction on the propagation of model uncertainty and how it impacts the reliability of rare-event estimates. Specifically, we consider the basic setup of the exceedance of i.i.d. sum, and investigate how the lack of tail information of each input summand can affect the output probability. We argue that heavy-tailed problems are much more vulnerable to input uncertainty than light-tailed problems, reasoned through their large deviations behaviors and numerical evidence. We also investigate some approaches to quantify model errors in this problem using a combination of the bootstrap and extreme value theory, showing some positive outcomes but also uncovering some statistical challenges.","Heavy-tailed problems are argued to be much more vulnerable to input uncertainty than light-tailed problems, a conclusion supported by large deviations behaviors and numerical evidence. The paper investigates approaches to quantify model errors using a combination of the bootstrap and extreme value theory. These approaches show some positive outcomes, but also uncover statistical challenges. The core finding is that the lack of tail information of each input summand significantly affects the output probability in rare-event estimation."
"Extreme value theory and fat tails in equity markets","https://papers.ssrn.com/sol3/papers.cfm?abstract_id=873656","2005","Journal Article","Social Science Research Network","Blake LeBaron
Ritirupa Samanta","10.2139/SSRN.873656","https://papers.ssrn.com/sol3/Delivery.cfm?abstractid=873656","Yes","83","CVVzaKPH-egJ","","","","","","","","","SciSpace","- **Relevance Score:** 87/100 - **Relevance Tag:** Highly Relevant - **Reasoning:** Uses EVT to model equity return extremes; applies bootstrap resampling to EVT parameters; focuses on tail thickness rather than explicit VaR/ES; compares bootstrap Monte Carlo results; finance application; lacks formal asymptotic proofs; includes extensive Monte Carlo/bootstrapping experiments.","Extreme Value Theory (EVT) offers a powerful framework to characterize financial market crashes and booms. This paper applies EVT to model the behavior of extreme events and compares tail thickness between emerging and developed market equity return distributions. We extend previous results by augmenting parametric Monte Carlo tests with nonparametric bootstrap tests. We construct Monte Carlo and Bootstrapping experiments to estimate the statistical significance of differences in tail behavior between markets and regions. Within each market we find little evidence for asymmetry between positive and negative tails. We find mixed evidence for uniformity inside each region, and strong evidence for differences in tail behavior between emerging and developed regions. Our regional results have important implications for the expected diversification benefits of international portfolio allocation decisions.","The paper finds little evidence for asymmetry between positive and negative tails within each market. It presents mixed evidence for uniformity inside each region, but strong evidence for differences in tail behavior between emerging and developed regions. These regional findings have important implications for the expected diversification benefits of international portfolio allocation decisions. The study extends previous results by augmenting parametric Monte Carlo tests with nonparametric bootstrap tests to estimate the statistical significance of differences in tail behavior."
"Extremal Quantile Regression: An Overview","http://arxiv.org/abs/1612.06850v2","2016","Preprint","","Victor Chernozhukov
Iván Fernández-Val
Tetsuya Kaji","10.1201/9781315120256","http://arxiv.org/pdf/1612.06850v2","Yes","","","","","","","http://arxiv.org/abs/1612.06850v2","2017-02-08T16:49:01Z","stat.ME","stat.ME, econ.EM","arXiv","- **Relevance Score:** 86/100 - **Relevance Tag:** Highly Relevant - **Reasoning:** Uses EVT approximations for tail quantile regression, employs bootstrap and subsampling within EVT, estimates conditional VaR, applies methods to finance, offers some comparisons and theoretical insights, and includes empirical illustrations rather than extensive simulations.","Extremal quantile regression, i.e. quantile regression applied to the tails of the conditional distribution, counts with an increasing number of economic and financial applications such as value-at-risk, production frontiers, determinants of low infant birth weights, and auction models. This chapter provides an overview of recent developments in the theory and empirics of extremal quantile regression. The advances in the theory have relied on the use of extreme value approximations to the law of the Koenker and Bassett (1978) quantile regression estimator. Extreme value laws not only have been shown to provide more accurate approximations than Gaussian laws at the tails, but also have served as the basis to develop bias corrected estimators and inference methods using simulation and suitable variations of bootstrap and subsampling. The applicability of these methods is illustrated with two empirical examples on conditional value-at-risk and financial contagion.","The paper overviews extremal quantile regression, highlighting theoretical advances based on extreme value approximations for the Koenker and Bassett (1978) estimator. These extreme value laws offer more accurate approximations at the tails than Gaussian laws and underpin bias-corrected estimators and inference methods using simulation, bootstrap, and subsampling. The methods' applicability is illustrated with empirical examples focusing on conditional value-at-risk and financial contagion. This approach provides theoretical insights and practical implications for economic and financial applications like value-at-risk estimation."
"Mixed-Tail Quantile Functions for Extreme Value Analysis","https://scispace.com/papers/mixed-tail-quantile-functions-for-extreme-value-analysis-u7hs3poe7hz9","2025","Journal Article","","Edoardo Redivo
Alessio Farcomeni
Cinzia Viroli","10.21203/rs.3.rs-7328610/v1","","No","","","","","","","","","","","SciSpace","- **Relevance Score:** 80/100 - **Relevance Tag:** Highly Relevant - **Reasoning:** Uses mixed-tail quantile model grounded in EVT, applies bootstrap for inference, provides asymptotic theory and simulations, estimates extreme quantiles (not explicitly VaR/ES), compares to other methods, and demonstrates on ice‑extent data.","<title>Abstract</title> This paper introduces a parametric mixed-tail quantile model which flexibly combines Gumbel, Fr\'echet, and Weibull tail behaviors through weighted quantile functions. Unlike classical extreme value models, our approach simultaneously captures multiple tail types, enhancing finite-sample adaptability and modeling accuracy. Parameters are estimated using a computationally efficient least squares approach based on the expected order statistics. We establish asymptotic properties, and address inference challenges via bootstrap methods. Theoretical results, including tail dominance and adaptive bias–variance decomposition, guide practical quantile estimation. Simulations and an application on global ice extents demonstrate improved performance in modeling extreme quantiles.","The paper introduces a mixed-tail quantile model that combines Gumbel, Fréchet, and Weibull tail behaviors, demonstrating enhanced finite-sample adaptability and modeling accuracy compared to classical extreme value models. Theoretical results include tail dominance and adaptive bias–variance decomposition, guiding practical quantile estimation. Simulations and an application on global ice extents show improved performance in modeling extreme quantiles. Parameters are estimated using a computationally efficient least squares approach, with inference challenges addressed via bootstrap methods. This approach offers a flexible and accurate method for extreme value analysis."
"Bootstrap and empirical likelihood methods in extremes","https://scispace.com/papers/bootstrap-and-empirical-likelihood-methods-in-extremes-3d7kfr42a7","2008","Journal Article","Extremes","Yongcheng Qi","10.1007/S10687-007-0049-8","https://scispace.com/pdf/bootstrap-and-empirical-likelihood-methods-in-extremes-3d7kfr42a7.pdf","No","","","","","","","","","","","SciSpace","- **Relevance Score:** 78/100 - **Relevance Tag:** Highly Relevant - **Reasoning:** Uses EVT as core framework, applies bootstrap to Hill and moment estimators, provides confidence intervals for tail index and high quantiles, but lacks explicit VaR/ES focus, domain examples, and extensive simulations.","One of the major interests in extreme-value statistics is to infer the tail properties of the distribution functions in the domain of attraction of an extreme-value distribution and to predict rare events. In recent years, much effort in developing new methodologies has been made by many researchers in this area so as to diminish the impact of the bias in the estimation and achieve some asymptotic optimality in inference problems such as estimating the optimal sample fractions and constructing confidence intervals of various quantities. In particular, bootstrap and empirical likelihood methods, which have been widely used in many areas of statistics, have drawn attention. This paper reviews some novel applications of the bootstrap and the empirical likelihood techniques in extreme-value statistics.","This paper reviews novel applications of bootstrap and empirical likelihood techniques within extreme-value statistics. The focus is on methods developed to diminish bias in estimation and achieve asymptotic optimality for inference problems. These applications include estimating optimal sample fractions and constructing confidence intervals for various quantities. The paper highlights the use of these techniques for inferring tail properties of distribution functions and predicting rare events."
"Regression estimator for the tail index","http://arxiv.org/abs/1708.04815v3","2017","Preprint","","László Németh
András Zempléni","","http://arxiv.org/pdf/1708.04815v3","Yes","","","","","","","http://arxiv.org/abs/1708.04815v3","2018-06-04T08:45:24Z","stat.ME","stat.ME, math.ST, stat.TH, 62G32, 62F40, 60G70","arXiv","- **Relevance Score:** 78/100 - **Relevance Tag:** Highly Relevant - **Reasoning:** Uses EVT to develop a new tail‑index estimator; mentions bootstrap but does not apply it; focuses on tail‑risk estimation and compares with existing methods; lacks domain application, formal proofs, and simulation results.","Estimating the tail index parameter is one of the primal objectives in extreme value theory. For heavy-tailed distributions the Hill estimator is the most popular way to estimate the tail index parameter. Improving the Hill estimator was aimed by recent works with different methods, for example by using bootstrap, or Kolmogorov-Smirnov metric. These methods are asymptotically consistent, but for tail index $\xi >1$ and smaller sample sizes the estimation fails to approach the theoretical value for realistic sample sizes. In this paper, we introduce a new empirical method, which can estimate high tail index parameters well and might also be useful for relatively small sample sizes.","This paper introduces a new empirical method for estimating the tail index parameter. The method aims to estimate high tail index parameters well, particularly when the Hill estimator and other recent methods (like bootstrap or Kolmogorov-Smirnov) fail for $\xi > 1$ and smaller sample sizes. This new approach might also be useful for relatively small sample sizes, addressing a limitation of existing asymptotically consistent methods. The core finding is the development of an estimator that performs better for challenging scenarios in extreme value theory."
"Consistency of full-sample bootstrap for estimating high-quantile, tail
  probability, and tail index","http://arxiv.org/abs/2004.12639v1","2020","Preprint","","Svetlana Litvinova
Mervyn J. Silvapulle","","http://arxiv.org/pdf/2004.12639v1","Yes","","","","","","","http://arxiv.org/abs/2004.12639v1","2020-04-27T08:37:40Z","math.ST","math.ST, stat.ME, stat.TH, 62G32, 62G09, 62E20","arXiv","- **Relevance Score:** 76/100 - **Relevance Tag:** Highly Relevant - **Reasoning:** Uses full-sample bootstrap to construct confidence intervals for high‑quantiles and tail index, proving consistency and showing superior performance in simulations; compares mainly to standard asymptotic methods, but lacks a specific applied case study.","We show that the full-sample bootstrap is asymptotically valid for constructing confidence intervals for high-quantiles, tail probabilities, and other tail parameters of a univariate distribution. This resolves the doubts that have been raised about the validity of such bootstrap methods. In our extensive simulation study, the overall performance of the bootstrap method was better than that of the standard asymptotic method, indicating that the bootstrap method is at least as good, if not better than, the asymptotic method for inference. This paper also lays the foundation for developing bootstrap methods for inference about tail events in multivariate statistics; this is particularly important because some of the non-bootstrap methods are complex.","The full-sample bootstrap is shown to be asymptotically valid for constructing confidence intervals for high-quantiles, tail probabilities, and other tail parameters of a univariate distribution, resolving previous doubts about its validity. An extensive simulation study demonstrated that the bootstrap method's overall performance was better than that of the standard asymptotic method, suggesting it is at least as good, if not superior, for inference. This research indicates that the bootstrap method provides a robust alternative for tail parameter estimation and lays the groundwork for developing bootstrap methods for multivariate tail events, which is crucial given the complexity of non-bootstrap approaches in that domain."
"Tail Risk Dynamics in Stock Returns: Links to the Macroeconomy and Global Markets Connectedness","https://scispace.com/papers/tail-risk-dynamics-in-stock-returns-links-to-the-1qlsm9vwkr","2016","Journal Article","Social Science Research Network","Daniele Massacci","10.2139/SSRN.2517198","https://scispace.com/pdf/tail-risk-dynamics-in-stock-returns-links-to-the-1qlsm9vwkr.pdf","Yes","","","","","","","","","","","SciSpace Full Text","- **Relevance Score:** 72/100 - **Relevance Tag:** Somewhat Relevant - **Reasoning:** Uses EVT to model extreme stock returns and estimate tail‑risk measures; applies methodology to finance. No bootstrap techniques described; limited method comparisons; lacks theoretical proofs and simulation validation.","We propose a new time-varying peaks over threshold model to study tail risk dynamics in equity markets: the laws of motion for the parameters are defined through the score-based approach. We apply the model to daily returns from U.S. size-sorted decile stock portfolios and show that large firms tail risk increases during recessions more than small firms tail risk. Our results are consistent with the granular hypothesis of aggregate fluctuations and we quantify the impact of large firms tail risk shocks on the economy. A measure of tail connectedness is proposed: evidence from international equity markets shows that tail connectedness increases during periods of turmoil.","The paper's findings show that large firms' tail risk increases more during recessions than small firms' tail risk, consistent with the granular hypothesis of aggregate fluctuations. The study quantifies the impact of large firms' tail risk shocks on the economy. Additionally, evidence from international equity markets indicates that tail connectedness increases during periods of turmoil."
"Estimation of tail-related value-at-risk measures: range-based extreme value approach","https://www.tandfonline.com/doi/abs/10.1080/14697688.2013.819113","2014","Journal Article","Quantitative Finance","Heng-Chih Chou
David K. Wang","10.1080/14697688.2013.819113","https://papers.ssrn.com/sol3/Delivery.cfm?abstractid=2278292","No","15","OdZlcMKMbmoJ","","","","","","","","","SciSpace","- **Relevance Score:** 72/100 - **Relevance Tag:** Somewhat Relevant - **Reasoning:** Uses EVT to model tail of ACARR residuals and estimates VaR, applies to financial data, compares with McNeil‑Frey method, but lacks bootstrap, theoretical proofs, or simulation validation.","This study proposes a new approach for estimating value-at-risk (VaR). This approach combines quasi-maximum-likelihood fitting of asymmetric conditional autoregressive range (ACARR) models to estimate the current volatility and classical extreme value theory (EVT) to estimate the tail of the innovation distribution of the ACARR model. The proposed approach reflects two well-known phenomena found in most financial time series: stochastic volatility and the fat-tailedness of conditional distributions. This approach presents two main advantages over the McNeil and Frey approach. First, the ACARR model in this approach is an asymmetric model that treats the upward and downward movements of the asset price asymmetrically, whereas the generalized autoregressive conditional heteroskedasticity model in the McNeil and Frey approach is a symmetric model that ignores the asymmetric structure of the asset price. Second, the proposed method uses classical EVT to estimate the tail of the distribution of the residuals t...","The study proposes a new approach for estimating value-at-risk (VaR) by combining quasi-maximum-likelihood fitting of asymmetric conditional autoregressive range (ACARR) models for volatility estimation and classical extreme value theory (EVT) for the innovation distribution tail. This approach reflects stochastic volatility and fat-tailedness in financial time series. It offers two main advantages over the McNeil and Frey approach: using an asymmetric ACARR model that accounts for asset price asymmetry, unlike the symmetric GARCH model, and employing classical EVT for residual tail estimation. The metadata does not provide specific empirical results, statistical findings, or validation outcomes beyond these methodological advantages."
"Tail risk and systemic risk of finance and technology (FinTech) firms","https://scispace.com/papers/tail-risk-and-systemic-risk-of-finance-and-technology-1oncdmeh","2022","Journal Article","Technological Forecasting and Social Change","","10.1016/j.techfore.2021.121191","https://scispace.com/pdf/tail-risk-and-systemic-risk-of-finance-and-technology-1oncdmeh.pdf","Yes","","","","","","","","","","","SciSpace Full Text","- **Relevance Score:** 72/100 - **Relevance Tag:** Somewhat Relevant - **Reasoning:** Uses EVT (GEV, POT, GPD) to estimate tail‑VaR and expected shortfall for FinTech firms; no bootstrap methods; applies to finance domain; lacks comparisons, theory, simulations.","","The authors evaluate the tail risk and systemic risk of technology firms using univariate extreme value theory (EVT) to determine equity tail risk. They conclude that technology firms are riskier than finance firms. The paper's relevance summary indicates it uses EVT methods (GEV, POT, GPD) to estimate tail-VaR and expected shortfall for FinTech firms."
"Risk-Averse Action Selection Using Extreme Value Theory Estimates of the CVaR.","https://scispace.com/papers/risk-averse-action-selection-using-extreme-value-theory-a5i65gdak3dy","","","","Dylan Troop
Frédéric Godin
Jia Yuan Yu","10.48550/arxiv.1912.01718","","No","","","","","","","","","","","SciSpace","- **Relevance Score:** 72/100 - **Relevance Tag:** Somewhat Relevant - **Reasoning:** Uses EVT GPD fitting for CVaR estimation (primary framework); compares to naive sample averaging; applies to reinforcement‑learning bandits; provides empirical simulation results but lacks bootstrap or theoretical guarantees.","The Conditional Value-at-Risk (CVaR) is a useful risk measure in machine learning, finance, insurance, energy, etc. When the CVaR confidence parameter is very high, estimation by sample averaging exhibits high variance due to the limited number of samples above the corresponding threshold. To mitigate this problem, we present an estimation procedure for the CVaR that combines extreme value theory and a recently introduced method of automated threshold selection by Bader et al. (2018). Under appropriate conditions, we estimate the tail risk using a generalized Pareto distribution. We compare empirically this estimation procedure with the naive method of sample averaging, and show an improvement in accuracy for some specific cases. We also show how the estimation procedure can be used in reinforcement learning by applying our method to the multi-armed bandit problem where the goal is to avoid catastrophic risk.","The paper empirically compares its CVaR estimation procedure, which combines extreme value theory and automated threshold selection, with the naive method of sample averaging. This new procedure shows an improvement in accuracy for some specific cases, particularly when the CVaR confidence parameter is very high. The estimation procedure can be applied in reinforcement learning, demonstrated by its use in the multi-armed bandit problem to avoid catastrophic risk."
"Modeling and Estimation of Market Risk Using Extreme Value Theory","https://scispace.com/papers/modeling-and-estimation-of-market-risk-using-extreme-value-182e1e67xe","2018","Journal Article","Mathematical theory and modeling","Sheillah Wanjala
George Otieno Orwa
Joel Koima
Joyce Jeptoo","","https://scispace.com/pdf/modeling-and-estimation-of-market-risk-using-extreme-value-182e1e67xe.pdf","Yes","","","","","","","","","","","SciSpace Full Text","- **Relevance Score:** 70/100 - **Relevance Tag:** Somewhat Relevant - **Reasoning:** The paper centers on EVT for tail‑risk (VaR/ES) estimation in finance, but lacks bootstrap methods, alternative comparisons, theoretical proofs, or simulation validation.","Most commercial airline agencies have suffered losses due to extreme conditions like climatic conditions, price fluctuations and airline problems. One of these airline agencies that have experienced large losses is the Kenya Airways. This study assesses the market risk in the Kenyan stock market using Kenya Airways (KQ) share prices. This paper helps an investor to weigh whether to invest in the company at a particular time or not. Due to the fluctuations and variations of share prices, the Extreme Value Theory has been used to capture the extreme and rare events. Extreme Value Theory provides a well-established statistical model for the computation of extreme risk measures which include; Value at Risk and Expected Shortfall. In this paper, Univariate Extreme Value Theory is applied to model extreme prices of shares for the Kenya airways in Kenyan market. This paper demonstrates how successful Extreme value theory can be applied in predicting future Value at Risk to the share prices. This provides solutions to the problems faced by the investors and the owners of the commercial agency in the market. This paper concentrates on the Peak over Threshold (POT) as the method of estimating Value at Risk. This technique models the distribution of extremes and the distribution of exceedances over a certain high threshold rather than the individual observations. It concentrates on observations that exceed central limits, focusing on the tail of the distribution. Extreme value theory is also applied to compute the tail risk measures at given confidence interval. An overview of the Extreme Value Theory and Peaks Over Threshold Method are also given. This paper also shows that POT is the best method since the modeling the exceedances, they follow a generalized pareto distribution (GPD) which fits the sample losses very well. This technique of extreme value theory helps us to model and estimate the stock market risk of the Kenya airways since it helps us to assess the goodness of fit of the series and detect the outliers and also in estimation of the extreme quantiles.This study used the stock data which was obtained from the Nairobi stock exchange (NSE). With Generalized Pareto Distribution the estimates of value at risk and the expected shortfall for share prices indicate that with probability 5% the daily loss for the stock market prices exceeds 2.5105%, for 1% the daily loss exceeds 2.5330, for 0.5% the daily loss exceeds 2.5358 and for 0.1% the daily loss exceeds 2.5380%. These results can be used to estimate risk measures in the stock market as well as providing insights to the managers of the airline and also as a reference for actual or potential investors in the airline industry. Keywords: Extreme Value Theory, Peak -Over Threshold (POT), Generalized Pareto Distribution (GPD), Value at Risk (VaR), Expected Shortfall (ES).","With Generalized Pareto Distribution, estimates for Value at Risk and Expected Shortfall for Kenya Airways share prices show that with 5% probability, the daily loss exceeds 2.5105%; for 1%, it exceeds 2.5330%; for 0.5%, it exceeds 2.5358%; and for 0.1%, it exceeds 2.5380%. These findings demonstrate that Extreme Value Theory successfully predicts future Value at Risk for share prices. The Peak over Threshold (POT) method, modeling exceedances with a Generalized Pareto Distribution, is identified as the best method, fitting sample losses well and aiding in assessing goodness of fit, detecting outliers, and estimating extreme quantiles. These results provide insights for airline managers and serve as a reference for investors in the airline industry."
"Estimating Value at Risk and Expected Shortfall: A Brief Review and Some
  New Developments","https://scispace.com/papers/estimating-value-at-risk-and-expected-shortfall-a-brief-2wu1yjjztz","2024","Preprint","","Kanon Kamronnaher
Andrew Bellucco
Whitney K. Huang
Colin Gallagher","10.48550/arxiv.2405.06798","https://scispace.com/pdf/estimating-value-at-risk-and-expected-shortfall-a-brief-2wu1yjjztz.pdf","No","","","","","","","","","","","SciSpace","- **Relevance Score:** 70/100 - **Relevance Tag:** Somewhat Relevant - **Reasoning:** Estimates VaR/ES with GARCH and LLQAR, uses EVT‑based tail modeling and an ES bootstrap test, applies to US stocks, compares methods, but lacks formal EVT‑bootstrap theory.","Value-at-risk (VaR) and expected shortfall (ES) are two commonly utilized metrics for quantifying financial risk. In this study, we review the widely employed Generalized Autoregressive Conditional Heteroskedasticity (GARCH) models. These models are explored with diverse distributional assumptions on innovation, including parametric, non-parametric, and `semi-parametric' that incorporates a parametric tail distribution based on extreme value theory. Additionally, we introduce a non-parametric local linear quantile autoregression (LLQAR) with kernel weights depending on the distance between the current loss and past losses, and decreasing in the time lag. To evaluate the performance of different methods for VaR and ES estimation, we employ a multi-criteria approach. This involves mean squared error assessment using simulated data, backtesting on both simulated data and US stocks, and application of the ESBootstrap test. The LLQAR method, which does not necessarily require stationarity assumptions, seems to perform better for simulated non-stationary data as well as real-world data, for estimating VaR and ES.","The study introduces a non-parametric local linear quantile autoregression (LLQAR) method for estimating Value-at-Risk (VaR) and Expected Shortfall (ES). This LLQAR method, which does not require stationarity assumptions, demonstrated better performance for simulated non-stationary data and real-world data compared to GARCH models. Evaluation involved mean squared error assessment on simulated data, backtesting on both simulated data and US stocks, and application of the ESBootstrap test. The LLQAR method's superior performance suggests a practical implication for more robust risk estimation in non-stationary financial environments."
"Performance Analysis of VaR and ES Based on Extreme Value Theory","https://scispace.com/papers/performance-analysis-of-var-and-es-based-on-extreme-value-2byqw2kzd2","2006","Journal Article","Communications for Statistical Applications and Methods","Sung-Chil Yeo","10.5351/CKSS.2006.13.2.389","","Yes","","","","","","","","","","","SciSpace","- **Relevance Score:** 70/100 - **Relevance Tag:** Somewhat Relevant - **Reasoning:** Uses EVT to estimate VaR and ES, backtests on financial data; no bootstrap techniques, comparisons, theoretical proofs, or simulation studies are provided.","Extreme value theory has been used widely in many areas of science and engineering to deal with the assessment of extreme events which are rare but have catastrophic consequences. The potential of extreme value theory has only been recognized recently in finance area. In this paper, we provide an overview of extreme value theory for estimating and assessing value at risk and expected shortfall which are the methods for modelling and measuring the extreme financial risks. We illustrate that the approach based on extreme value theory is very useful for estimating tail related risk measures through backtesting of an empirical data.","The paper illustrates that the approach based on extreme value theory is very useful for estimating tail-related risk measures. This utility is demonstrated through backtesting of empirical data. The practical implication is its effectiveness for estimating Value at Risk (VaR) and Expected Shortfall (ES), which are methods for modeling and measuring extreme financial risks."
"Estimation of value-at-risk measures in the Islamic stock market: Approach based on Extreme Value Theory (EVT)","https://scispace.com/papers/estimation-of-value-at-risk-measures-in-the-islamic-stock-57lgwpto3u","2014","","","Haïfa Frad
Ezzeddine Zouari","10.11648/J.JWER.20140302.11","https://scispace.com/pdf/estimation-of-value-at-risk-measures-in-the-islamic-stock-57lgwpto3u.pdf","Yes","","","","","","","","","","","SciSpace Full Text","- **Relevance Score:** 68/100 - **Relevance Tag:** Somewhat Relevant - **Reasoning:** Uses EVT to model tail of Islamic stock returns and estimates VaR/ES, directly meeting EVT foundation and tail‑risk goals; applies method to finance sector, but lacks bootstrap, comparisons, theory, or simulations.","In this paper, we have combined the Extreme Value Approach with GARCH model which is called conditional EVT. We have used their approach on the Islamic stock price index to measure the conditional VaR and the related risk statistic expected shortfall (ES). The dynamic risk measures have been estimated for different percentiles for negative and positive returns. The empirical results show a strong stability across of the selected threshold, implying the accuracy and reliability of the estimated quantile based risk measures. Interested islamic index fund managers could employ these techniques as a means of risk management.","The empirical results demonstrate a strong stability across the selected threshold, indicating the accuracy and reliability of the estimated quantile-based risk measures. The study applied a conditional Extreme Value Theory approach, combining EVT with a GARCH model, to measure conditional VaR and Expected Shortfall (ES) on the Islamic stock price index. Dynamic risk measures were estimated for various percentiles for both negative and positive returns. These techniques could be employed by interested Islamic index fund managers for risk management purposes."
"Statistics for Heteroscedastic Time Series Extremes","http://arxiv.org/abs/2204.09534v1","2022","Preprint","","Axel Bücher
Tobias Jennessen","","http://arxiv.org/pdf/2204.09534v1","Yes","","","","","","","http://arxiv.org/abs/2204.09534v1","2022-04-20T15:15:56Z","math.ST","math.ST, stat.TH, Primary 62G32, 62M10, 62G20, secondary 60F17","arXiv","- **Relevance Score:** 68/100 - **Relevance Tag:** Somewhat Relevant - **Reasoning:** Uses EVT to model heteroscedastic extremes; employs bootstrap for homoscedasticity testing; provides consistency proofs and limit theorems; includes Monte Carlo simulations; does not estimate VaR/ES or target specific application domains.","Einmahl, de Haan and Zhou (2016, Journal of the Royal Statistical Society: Series B, 78(1), 31-51) recently introduced a stochastic model that allows for heteroscedasticity of extremes. The model is extended to the situation where the observations are serially dependent, which is crucial for many practical applications. We prove a local limit theorem for a kernel estimator for the scedasis function, and a functional limit theorem for an estimator for the integrated scedasis function. We further prove consistency of a bootstrap scheme that allows to test for the null hypothesis that the extremes are homoscedastic. Finally, we propose an estimator for the extremal index governing the dynamics of the extremes and prove its consistency. All results are illustrated by Monte Carlo simulations. An important intermediate result concerns the sequential tail empirical process under serial dependence.","The paper extends a stochastic model for heteroscedastic extremes to serially dependent observations. It proves a local limit theorem for a kernel estimator of the scedasis function and a functional limit theorem for an integrated scedasis function estimator. Consistency is shown for a bootstrap scheme to test homoscedastic extremes and for an estimator of the extremal index. All results are illustrated through Monte Carlo simulations."
"A goodness-of-fit test for bivariate extreme-value copulas","http://arxiv.org/abs/1102.2078v1","2011","Preprint","","Christian Genest
Ivan Kojadinovic
Johanna Nešlehová
Jun Yan","10.3150/10-BEJ279","http://arxiv.org/pdf/1102.2078v1","Yes","","","","","","","http://arxiv.org/abs/1102.2078v1","2011-02-10T10:56:33Z","math.ST","math.ST, stat.TH","arXiv","- **Relevance Score:** 68/100 - **Relevance Tag:** Somewhat Relevant - **Reasoning:** Uses EVT copulas and parametric bootstrap to test Pickands functions; provides asymptotic validity and Monte Carlo power study, but does not estimate tail‑risk measures or apply to specific domains.","It is often reasonable to assume that the dependence structure of a bivariate continuous distribution belongs to the class of extreme-value copulas. The latter are characterized by their Pickands dependence function. In this paper, a procedure is proposed for testing whether this function belongs to a given parametric family. The test is based on a Cram\'{e}r--von Mises statistic measuring the distance between an estimate of the parametric Pickands dependence function and either one of two nonparametric estimators thereof studied by Genest and Segers [Ann. Statist. 37 (2009) 2990--3022]. As the limiting distribution of the test statistic depends on unknown parameters, it must be estimated via a parametric bootstrap procedure, the validity of which is established. Monte Carlo simulations are used to assess the power of the test and an extension to dependence structures that are left-tail decreasing in both variables is considered.","The paper proposes a goodness-of-fit test for bivariate extreme-value copulas, based on a Cramér--von Mises statistic. The test measures the distance between an estimate of the parametric Pickands dependence function and two nonparametric estimators. Its validity is established through a parametric bootstrap procedure used to estimate the limiting distribution, which depends on unknown parameters. Monte Carlo simulations were used to assess the power of the test. An extension to dependence structures that are left-tail decreasing in both variables is also considered."
"Extreme value theory in finance: A survey","https://onlinelibrary.wiley.com/doi/abs/10.1111/j.1467-6419.2012.00744.x","2014","Journal Article","Journal of Economic Surveys","Marco Rocco","10.1111/J.1467-6419.2012.00744.X","https://papers.ssrn.com/sol3/Delivery.cfm?abstractid=1998740","Yes","210","VK-IU19FCo0J","","","","","","","","","SciSpace","- **Relevance Score:** 67/100 - **Relevance Tag:** Somewhat Relevant - **Reasoning:** Provides a comprehensive EVT overview for finance, detailing VaR/ES applications, but lacks bootstrap techniques, dedicated simulations, or focused methodological comparisons.","Extreme value theory is concerned with the study of the asymptotic distribution of extreme events, that is to say events which are rare in frequency and huge in magnitude with respect to the majority of observations. Statistical methods derived from it have been employed increasingly in finance, especially for risk measurement. This paper surveys some of those main applications, namely for testing different distributional assumptions for the data, for Value‐at‐Risk and Expected Shortfall calculations, for asset allocation under safety‐first type constraints, and for the study of contagion and dependence across markets under conditions of stress.","This paper surveys the main applications of Extreme Value Theory (EVT) in finance, focusing on its use for risk measurement. Key applications include testing different distributional assumptions for data, calculating Value-at-Risk and Expected Shortfall, and informing asset allocation under safety-first constraints. EVT methods are also applied to study contagion and dependence across markets during stress conditions. The paper highlights the increasing employment of these statistical methods in finance due to their ability to analyze rare, high-magnitude events."
"A Comparison of Extreme Value Theory Approaches for Determining Value at Risk","https://scispace.com/papers/a-comparison-of-extreme-value-theory-approaches-for-14ww9y382h","2004","Posted Content","Social Science Research Network","Chris Brooks
Andrew Clare
John W. Dalle Molle
Gita Persand","","","Yes","128","","","","","","","","","","SciSpace","- **Relevance Score:** 64/100 - **Relevance Tag:** Somewhat Relevant - **Reasoning:** Uses EVT to model tails and estimate VaR, compares multiple methods on futures data, but lacks bootstrap‑within‑EVT and theoretical or simulation analysis.","This paper compares a number of different extreme value models for determining the value at risk of three LIFFE futures contracts. A semi-nonparametric approach is also proposed where the tail events are modeled using the Generalised Pareto Distribution and normal market conditions are captured by the empirical distribution function. The value at risk estimates from this approach are compared with those of standard nonparametric extreme value tail estimation approaches, with a small sample bias-corrected extreme value approach, and with those calculated from bootstrapping the unconditional density and bootstrapping from a GARCH(1,1) model. The results indicate that for a hold-out sample, the proposed semi-nonparametric extreme value approach yields superior results to other methods, but the small sample tail index technique is also accurate.","The results indicate that for a hold-out sample, the proposed semi-nonparametric extreme value approach yields superior results to other methods for determining Value at Risk. The small sample tail index technique is also found to be accurate. These findings are based on comparisons with standard nonparametric extreme value tail estimation approaches, a small sample bias-corrected extreme value approach, and methods calculated from bootstrapping the unconditional density and bootstrapping from a GARCH(1,1) model."
"Three Essays in Applied Econometrics: with Application to Natural Resource and Energy Markets","https://scispace.com/papers/three-essays-in-applied-econometrics-with-application-to-2g2c0834le","2014","","","Chong Li","","https://scispace.com/pdf/three-essays-in-applied-econometrics-with-application-to-2g2c0834le.pdf","Yes","","","","","","","","","","","SciSpace Full Text","- **Relevance Score:** 64/100 - **Relevance Tag:** Somewhat Relevant - **Reasoning:** Uses EVT as core framework; estimates VaR/optimal margins for energy futures; compares conditional EVT and filtered historical simulation to conventional methods; applies to oil/energy markets.","Chapter 1 This essay examines the effect of state renewable energy policies in inducing innovation and the spillover effect of these policies on innovation in neighboring states. The analysis is conducted with patent data related to renewable technology using wind power for the United States over the period 1983-2010. We run a panel data regression of a log transformation of states’ yearly patent counts on state renewable energy policies and spatially weighted average of renewable energy policies in neighboring states using the Tobit model with individual effects. The results show that renewable energy rules, regulation and mandates such as interconnection standards, net metering and renewable portfolio standard enacted in neighboring states have shown a statistically significant positive spillover effect in increasing the number of patent applications in that state. However, financial policies such as tax incentives and subsidy policies implemented by neighboring states have shown statistically significant negative effects on technological innovation within that state.","Renewable energy rules, regulations, and mandates (like interconnection standards, net metering, and renewable portfolio standards) enacted in neighboring states demonstrated a statistically significant positive spillover effect, increasing patent applications in a given state. Conversely, financial policies such as tax incentives and subsidy policies implemented by neighboring states showed statistically significant negative effects on technological innovation within that state. The analysis used a Tobit model with individual effects on a log transformation of states' yearly patent counts. This suggests that regulatory policies from neighboring states can stimulate innovation, while financial incentives from neighbors might hinder it locally."
"Contagion risk in the Australian banking and property sectors.","https://scispace.com/papers/contagion-risk-in-the-australian-banking-and-property-w8zduo5d1j","2011","Journal Article","Journal of Banking and Finance","Amelia Pais
Philip A. Stork","10.1016/J.JBANKFIN.2010.05.012","https://scispace.com/pdf/contagion-risk-in-the-australian-banking-and-property-w8zduo5d1j.pdf","No","","","","","","","","","","","SciSpace Full Text","- **Relevance Score:** 62/100 - **Relevance Tag:** Somewhat Relevant - **Reasoning:** Uses EVT to model extreme stock price tails, computes VaR and Expected Shortfall, and applies to Australian banking/property markets; no bootstrap or comparative/simulation analysis.","The Australian banking system emerged from the global crisis virtually unhurt, with most banks still profitable, adequately capitalized, and with AA credit ratings. Are there any risks or vulnerabilities in this success story? This paper analyzes Australia’s systemic banking risk and attempts to determine if this risk increased with the recent global crisis and whether this risk is related to the downturn experienced in the real estate market. We use extreme value theory to measure banks’ and property firms’ univariate Value at Risk, as well as multivariate intra-sector and inter-sector contagion risks. Of the 13 sectors analyzed, we find that the property sector exhibits the highest level of extremal dependence with the banking sector. The credit crisis significantly increased the probability of a bank or property firm crashing. Moreover, contagion risks significantly increased not only within the banking and property sectors, but also between those sectors.","The property sector exhibits the highest level of extremal dependence with the banking sector among 13 analyzed sectors. The credit crisis significantly increased the probability of a bank or property firm crashing. Furthermore, contagion risks notably increased both within the banking and property sectors, and between them. The paper uses extreme value theory to measure univariate Value at Risk and multivariate intra-sector and inter-sector contagion risks."
"Bootstrapping Empirical Processes of Cluster Functionals with
  Application to Extremograms","http://arxiv.org/abs/1511.00420v1","2015","Preprint","","Holger Drees","","http://arxiv.org/pdf/1511.00420v1","Yes","","","","","","","http://arxiv.org/abs/1511.00420v1","2015-11-02T09:25:58Z","math.ST","math.ST, stat.ME, stat.TH, Primary 62G32, Secondary 60G70, 60F17","arXiv","- **Relevance Score:** 62/100 - **Relevance Tag:** Somewhat Relevant - **Reasoning:** Uses EVT cluster functionals and multiplier block bootstrap; provides asymptotic proofs and simulation of confidence intervals, but does not target VaR/ES estimation or a specific application domain.","In the extreme value analysis of time series, not only the tail behavior is of interest, but also the serial dependence plays a crucial role. Drees and Rootz\'en (2010) established limit theorems for a general class of empirical processes of so-called cluster functionals which can be used to analyse various aspects of the extreme value behavior of mixing time series. However, usually the limit distribution is too complex to enable a direct construction of confidence regions. Therefore, we suggest a multiplier block bootstrap analog to the empirical processes of cluster functionals. It is shown that under virtually the same conditions as used by Drees and Rootz\'en (2010), conditionally on the data, the bootstrap processes converge to the same limit distribution. These general results are applied to construct confidence regions for the empirical extremogram introduced by Davis and Mikosch (2009). In a simulation study, the confidence intervals constructed by our multiplier block bootstrap approach compare favorably to the stationary bootstrap proposed by Davis et al.\ (2012).","The paper proposes a multiplier block bootstrap analog for empirical processes of cluster functionals. It is theoretically shown that, under similar conditions as Drees and Rootzén (2010), the bootstrap processes converge to the same limit distribution. These results are applied to construct confidence regions for the empirical extremogram. A simulation study demonstrates that confidence intervals from their multiplier block bootstrap compare favorably to the stationary bootstrap by Davis et al. (2012). This method enables the construction of confidence regions for extreme value analysis where direct limit distribution use is complex."
"Pitfalls and opportunities in the use of extreme value theory in risk management","https://www.emerald.com/insight/content/doi/10.1108/eb043443/full/html","1998","Posted Content","Social Science Research Network","Francis X. Diebold
Francis X. Diebold
Til Schuermann
John D. Stroughair","","https://papers.ssrn.com/sol3/Delivery.cfm?abstractid=1298286","Yes","486","MZDqmSu6BqEJ","","","","","","","","","SciSpace","- **Relevance Score:** 62/100 - **Relevance Tag:** Somewhat Relevant - **Reasoning:** Uses EVT to critique and improve extreme quantile estimation for financial risk; provides detailed finance applications but lacks bootstrap methods, comparisons, theory, or simulations.","Recent literature has trumpeted the claim that extreme value theory (EVT) holds promise for accurate estimation of extreme quantiles and tail probabilities of financial asset returns, and hence hold promise for advances in the management of extreme financial risks. Our view, based on a disinterested assessment of EVT from the vantage point of financial risk management, is that the recent optimism is partly appropriate but also partly exaggerated, and that at any rate much of the potential of EVT remains latent. We substantiate this claim by sketching a number of pitfalls associate with use of EVT techniques. More constructively, we show how certain of the pitfalls can be avoided, and we sketch a number of explicit research directions that will help the potential of EVT to be realized.","The paper assesses Extreme Value Theory (EVT) in financial risk management, noting that while recent optimism about its promise for accurate estimation of extreme quantiles and tail probabilities is partly appropriate, it is also partly exaggerated. The authors identify pitfalls associated with EVT techniques and propose methods to avoid some of them. They also outline explicit research directions to help realize EVT's full potential in managing extreme financial risks. The paper uses EVT to critique and improve extreme quantile estimation for financial risk and provides detailed finance applications."
"Extreme Value Theory for Risk Managers","https://scispace.com/papers/extreme-value-theory-for-risk-managers-3oq9beqpzs","1999","","","Alexander J. McNeil","","http://janroman.dhis.org/finance/Risk%20Management/Extreme%20Value%20Theory%20for%20RM.pdf","Yes","356","","","","","","","","","","SciSpace","- **Relevance Score:** 61/100 - **Relevance Tag:** Somewhat Relevant - **Reasoning:** Uses EVT as core framework; provides VaR and expected shortfall formulas for market, credit, operational, and insurance risks. No bootstrap techniques or comparative/theoretical analyses.","We provide an overview of the role of extreme value theory (EVT) in risk management (RM), as a method for modelling and measuring extreme risks. We concentrate on the peaks-over-threshold (POT) model and emphasize the generality of this approach. Wherever the tail of a loss distribution is of interest, whether for market, credit, operational or insurance risks, the POT method provides a simple tool for estimating measures of tail risk. In particular we show how the POTmethod may be embedded in a stochastic volatility framework to deliver useful estimates of Value-at-Risk (VaR) and expected shortfall, a coherent alternative to the VaR, for market risks. Further topics of interest, including multivariate extremes, models for stress losses and software for EVT, are also discussed. 1 A General Introduction to Extreme Risk Extreme event risk is present in all areas of risk management. Whether we are concerned with market, credit, operational or insurance risk, one of the greatest challenges to the risk manager is to implement risk management models which allow for rare but damaging events, and permit the measurement of their consequences. This paper may be motivated by any number of concrete risk management problems. In market risk, we might be concerned with the day to day determination of the Value-atRisk (VaR) for the losses we incur on a trading book due to adverse market movements. In credit or operational risk management our goal might be the determination of the risk capital we require as a cushion against irregular losses from credit downgradings and defaults or unforeseen operational problems. Alongside these nancial risks, it is also worth considering insurance risks; the insurance world has considerable experience in the management of extreme risk and many methods which we might now recognize as belonging to extreme value theory have a long Alexander McNeil is Swiss Re Research Fellow at ETH Z urich and gratefully acknowledges the nancial support of Swiss Re. 1 history of use by actuaries. In insurance a typical problem might be pricing or building reserves for products which o er protection against catastrophic losses, such as excess-ofloss (XL) reinsurance treaties concluded with primary insurers. Whatever the type of risk we are considering our approach to its management will be similar in this paper. We will attempt to model it in such away that the possibility of an extreme outcome is addressed. Using our model we will attempt to measure the risk with a measurement which provides information about the extreme outcome. In these activities extreme value theory (EVT) will provide the tools we require. 1.1 Modelling Extreme Risks The standard mathematical approach to modelling risks uses the language of probability theory. Risks are random variables, mapping unforeseen future states of the world into values representing pro ts and losses. These risks may be considered individually, or seen as part of a stochastic process where present risks depend on previous risks. The potential values of a risk have a probability distribution which we will never observe exactly although past losses due to similar risks, where available, may provide partial information about that distribution. Extreme events occur when a risk takes values from the tail of its distribution. We develop a model for a risk by selecting a particular probability distribution. We may have estimated this distribution through statistical analysis of empirical data. In this case EVT is a tool which attempts to provide us with the best possible estimate of the tail area of the distribution. However, even in the absence of useful historical data, EVT provides guidance on the kind of distribution we should select so that extreme risks are handled conservatively. 1.2 Measuring Extreme Risks For our purposes, measuring a risk means summarising its distribution with a number known as a risk measure. At the simplest level, we might calculate the mean or variance of a risk. These measure aspects of the risk but do not provide much information about the extreme risk. In this paper we will concentrate on two measures which attempt to describe the tail of a loss distribution VaR and expected shortfall. We shall adopt the convention that a loss is a positive number and a pro t is a negative number. EVT is most naturally developed as a theory of large losses, rather than a theory of small pro ts. VaR is a high quantile of the distribution of losses, typically the 95th or 99th percentile. It provides a kind of upper bound for a loss that is only exceeded on a small proportion of occasions. It is sometimes referred to as a con dence level, although this is a misnomer which is at odds with standard statistical usage. In recent papers Artzner, Delbaen, Eber & Heath (1997) have criticized VaR as a measure of risk on two grounds. First they show that VaR is not necessarily subadditive so that, in their terminology, VaR is not a coherent risk measure. There are cases where a portfolio can be split into sub-portfolios such that the sum of the VaR corresponding to the sub-portfolios is smaller than the VaR of the total portfolio. This may cause problems if the risk-management system of a nancial institution is based on VaR-limits for individual books. Moreover, VaR tells us nothing about the potential size of the loss that exceeds it. Artzner et al. propose the use of expected shortfall or tail conditional expectation instead 2 of VaR. The tail conditional expectation is the expected size of a loss that exceeds VaR and is coherent according to their de nition. 1.3 Extreme Value Theory The approach to EVT in this paper follows most closely Embrechts, Kl uppelberg & Mikosch (1997); other recent texts on EVT include Reiss & Thomas (1997) and Beirlant, Teugels & Vynckier (1996). All of these texts emphasize applications of the theory in insurance and nance although much of the original impetus for the development of the methods came from hydrology. Broadly speaking, there are two principal kinds of model for extreme values. The oldest group of models are the block maximamodels; these are models for the largest observations collected from large samples of identically distributed observations. For example, if we record daily or hourly losses and pro ts from trading a particular instrument or group of instruments, the block maxima method provides a model which may be appropriate for the quarterly or annual maximum of such values. We see a possible role for this method in the de nition and analysis of stress losses (McNeil 1998) and will return to this subject in Section 4.1. A more modern group of models are the peaks-over-threshold (POT) models; these are models for all large observations which exceed a high threshold. The POT models are generally considered to be the most useful for practical applications, due to their more eÆcient use of the (often limited) data on extreme values. This paper will concentrate on such models. Within the POT class of models one may further distinguish two styles of analysis. There are the semi-parametric models built around the Hill estimator and its relatives (Beirlant et al. 1996, Danielsson, Hartmann & de Vries 1998) and the fully parametric models based on the generalized Pareto distribution or GPD (Embrechts, Resnick & Samorodnitsky 1998). There is little to pick and choose between these approaches both are theoretically justi ed and empirically useful when used correctly. We favour the latter style of analysis for reasons of simplicity both of exposition and implementation. One obtains simple parametric formulae for measures of extreme risk for which it is relatively easy to give estimates of statistical error using the techniques of maximum likelihood inference. The GPD will thus be the main tool we describe in this paper. It is simply another probability distribution but for purposes of risk management it should be considered as equally important as (if not more important than) the Normal distribution. The tails of the Normal distribution are too thin to address the extreme loss. We will not describe the Hill estimator approach in this paper; we refer the reader to the references above and also to Danielsson & de Vries (1997). 2 General Theory Let X1; X2; : : : be identically distributed random variables with unknown underlying distribution function F (x) = PfXi xg. (We work with distribution functions and not densities.) The interpretation of these random risks is left to the reader. They might be: Daily (negative) returns on nancial asset or portfolio { losses and pro ts Higher or lower frequency returns 3 Operational losses Catastrophic insurance claims Credit losses Moreover, they might represent risks which we can directly observe or they might also represent risks which we are forced to simulate in some Monte Carlo procedure, because of the impracticality of obtaining data. There are situations where, despite simulating from a known stochastic model, the complexity of the system is such that we do not know exactly what the loss distribution F is. We avoid assuming independence, which for certain of the above interpretations (particularly market returns) is well-known to be unrealistic. 2.1 Measures of Extreme Risk Mathematically we de ne our measures of extreme risk in terms of the loss distribution F . Let 1 > q 0:95 say. Value-at-Risk (VaR) is the qth quantile of the distribution F VaRq = F (q); where F 1 is the inverse of F , and expected shortfall is the expected loss size, given that VaR is exceeded ESq = E [X j X > VaRq] : Like F itself these are theoretical quantities which we will never know. Our goal in risk measurement is estimates d VaRq and c ESq of these measures and in this chapter we obtain two explicit formulae (6) and (10). The reader who wishes to avoid mathematical theory may skim through the remaining sections of this chapter, pausing only to observe that the formulae in question are simple. 2.2 Generali","The paper focuses on the peaks-over-threshold (POT) model within Extreme Value Theory (EVT) for modeling and measuring extreme risks across market, credit, operational, and insurance domains. It demonstrates how the POT method can be integrated into a stochastic volatility framework to provide estimates for Value-at-Risk (VaR) and expected shortfall, a coherent alternative to VaR. The generalized Pareto distribution (GPD) is favored for its simplicity and ability to provide parametric formulae for extreme risk measures with estimable statistical error using maximum likelihood inference. The authors highlight that EVT, particularly the GPD, is crucial for addressing extreme losses, as the Normal distribution's tails are too thin. The practical implication is providing tools for risk managers to model and measure rare but damaging events, offering guidance on distribution selection even without extensive historical data."
"Forecasting Extreme Financial Risk: A Critical Analysis of Practical Methods for the Japanese Market","https://scispace.com/papers/forecasting-extreme-financial-risk-a-critical-analysis-of-51eob49f3c","2000","Journal Article","Monetary and and Economic Studies","日本銀行金融研究所
Jon Danielsson
Yuji Morimoto","","https://scispace.com/pdf/forecasting-extreme-financial-risk-a-critical-analysis-of-51eob49f3c.pdf","Yes","","","","","","","","","","","SciSpace Full Text","- **Relevance Score:** 61/100 - **Relevance Tag:** Somewhat Relevant - **Reasoning:** Uses EVT to derive tail‑index and VaR forecasts for Japanese financial returns; no bootstrap techniques or comparative/theoretical analyses; focuses on finance.","The various tools for risk measurement and management, especially for value-at-risk (VaR), are compared, with special emphasis on Japanese market data. Traditional Generalized Autoregressive Conditional Heteroskedasticity (GARCH-type methods are compared to extreme value theory (EVT). The distribution of extremes, asymmetry, clustering, and the dynamic structure of VaR all count as criteria for comparison of the various methods. We find that the GARCH class of models is not suitable for VaR forecasting for the sample data, due to both the inaccuracy and the high volatility of the VaR forecasts. In contrast, EVT forecasting of VaR resulted in much better VaR estimates, and more importantly, the EVT forecasts were considerably more stable, enhancing their practical applicability for Japanese market risk forecasts.","The study found that GARCH-type models are not suitable for VaR forecasting with the sample data due to inaccurate and highly volatile forecasts. In contrast, Extreme Value Theory (EVT) forecasting of VaR yielded much better estimates. EVT forecasts were also considerably more stable, enhancing their practical applicability for Japanese market risk forecasts."
"Nonparametric estimation of conditional value-at-risk and expected shortfall based on extreme value theory","https://www.cambridge.org/core/journals/econometric-theory/article/nonparametric-estimation-of-conditional-valueatrisk-and-expected-shortfall-based-on-extreme-value-theory/EE88ACF81C37FF68BAE0E6568F54600D","2018","Journal Article","Econometric Theory","Carlos Martins-Filho
Feng Yao
Maximo Torero","10.1017/S0266466616000517","https://arxiv.org/pdf/1612.08099","Yes","93","QitGCLlCyJQJ","","","","","","","","","SciSpace","- **Relevance Score:** 61/100 - **Relevance Tag:** Somewhat Relevant - **Reasoning:** Uses EVT (GPD) to estimate CVaR/CES with proven consistency; no bootstrap component, so fails bootstrap criteria; includes Monte‑Carlo and finance application.","We propose nonparametric estimators for conditional value-at-risk (CVaR) and conditional ex- pected shortfall (CES) associated with conditional distributions of a series of returns on a nancial asset. The return series and the conditioning covariates, which may include lagged returns and other exogenous variables, are assumed to be strong mixing and follow a nonparametric conditional location-scale model. First stage nonparametric estimators for location and scale are combined with a generalized Pareto approx- imation for distribution tails proposed by Pickands (1975) to give nal estimators for CVaR and CES. We provide consistency and asymptotic normality of the proposed estimators under suitable normalization. We also present the results of a Monte Carlo study that sheds light on their nite sample performance. Empirical viability of the model and estimators is investigated through a backtesting exercise using returns on future contracts for ve agricultural commodities.","The paper proposes nonparametric estimators for conditional Value-at-Risk (CVaR) and conditional Expected Shortfall (CES), establishing their consistency and asymptotic normality. A Monte Carlo study demonstrates their finite sample performance. The empirical viability of the model and estimators is investigated through a backtesting exercise using returns on future contracts for five agricultural commodities."
"Empirical study of value‐at‐risk and expected shortfall models with heavy tails","https://www.emerald.com/insight/content/doi/10.1108/15265940610648571/full/html","2006","Journal Article","The Journal of Risk Finance","Fotios C. Harmantzis
Linyan Miao
Yifan Chien","10.1108/15265940610648571","https://papers.ssrn.com/sol3/Delivery.cfm?abstractid=788624","No","155","tZ6dMq0gwboJ","","","","","","","","","SciSpace","- **Relevance Score:** 58/100 - **Relevance Tag:** Somewhat Relevant - **Reasoning:** Uses POT EVT to model heavy‑tailed returns, estimates VaR/ES, compares multiple models on financial indices, but lacks bootstrap, theoretical proofs, and Monte‑Carlo simulations.","Purpose – This paper aims to test empirically the performance of different models in measuring VaR and ES in the presence of heavy tails in returns using historical data.Design/methodology/approach – Daily returns of popular indices (S&P500, DAX, CAC, Nikkei, TSE, and FTSE) and currencies (US dollar vs Euro, Yen, Pound, and Canadian dollar) for over ten years are modeled with empirical (or historical), Gaussian, Generalized Pareto (peak over threshold (POT) technique of extreme value theory (EVT)) and Stable Paretian distribution (both symmetric and non‐symmetric). Experimentation on different factors that affect modeling, e.g. rolling window size and confidence level, has been conducted.Findings – In estimating VaR, the results show that models that capture rare events can predict risk more accurately than non‐fat‐tailed models. For ES estimation, the historical model (as expected) and POT method are proved to give more accurate estimations. Gaussian model underestimates ES, while Stable Paretian framewo...","In estimating VaR, models that capture rare events predict risk more accurately than non-fat-tailed models. For ES estimation, the historical model and the POT method provide more accurate estimations. The Gaussian model underestimates ES. These findings suggest that models accounting for heavy tails are crucial for accurate risk measurement."
"An extreme value method to study decadal hurricane wind trends","http://arxiv.org/abs/2505.08591v1","2025","Preprint","","Alexandre Payez
Ad Stoffelen
Cees de Valk
Rianne Giesen","","http://arxiv.org/pdf/2505.08591v1","Yes","","","","","","","http://arxiv.org/abs/2505.08591v1","2025-05-13T14:02:55Z","physics.ao-ph","physics.ao-ph","arXiv","- **Relevance Score:** 58/100 - **Relevance Tag:** Somewhat Relevant - **Reasoning:** Uses EVT to model wind extremes and block‑bootstrap for uncertainty; focuses on percentile trends, not VaR/ES; compares EVT fits; applies to environmental data.","This paper presents a method developed using techniques from extreme value theory to estimate smooth wind-speed percentiles, allowing us to consider more extreme wind speeds while being less sensitive to the noise that stems from the scarcity of extreme data. A reliable characterisation of wind extremes is the first required step for studying decadal trends in tropical-cyclone and extra-tropical-cyclone winds. We develop a percentile-smoothing method using ASCAT-A Level-3 products, focusing on a number of tropical basins (Caribbean and Atlantic), estimate the uncertainty with the block-bootstrap technique to address the issue of dependency, and apply our method to both scatterometer winds (ASCAT-A at two different resolutions) and collocated ERA5 model data. The results obtained are very robust at basin level, without having to rely on a strong assumption for the distribution tail: they are very consistent whether we use exponential fits, generalised-Pareto fits, or even no fit at all, down to at least truly extreme wind percentiles such as 99.999th (main result), and remain quite consistent within uncertainties down to 99.9999th. As ensuring scientifically sound decadal-trend conclusions would require going back sufficiently in time, spanning the lifetimes of different instruments with different characteristics and extreme-wind statistics, a natural follow-on study would be to apply this method not only to ASCAT, but also to its predecessors on QuikSCAT and ERS - comparing each scatterometer individually against ERA5, and also to each other as partial overlaps exist between instruments.","The method developed yields very robust results at basin level, consistent across exponential, generalized-Pareto, or no-fit approaches. This consistency holds for extreme wind percentiles down to at least the 99.999th, and remains quite consistent within uncertainties down to the 99.9999th percentile. This robustness is achieved without strong assumptions about the distribution tail. A practical implication is the potential to apply this method to historical scatterometer data (QuikSCAT, ERS) to enable scientifically sound decadal-trend conclusions by comparing instruments against ERA5 and each other."
"Portfolio Tail Risk: A Multivariate Extreme Value Theory Approach.","https://scispace.com/papers/portfolio-tail-risk-a-multivariate-extreme-value-theory-2dpn8ilpxp","2020","Journal Article","Entropy","Miloš Božović","10.3390/E22121425","https://www.mdpi.com/1099-4300/22/12/1425/pdf","Yes","","","","","","","","","","","SciSpace","- **Relevance Score:** 57/100 - **Relevance Tag:** Somewhat Relevant - **Reasoning:** Uses EVT to derive closed‑form VaR/ES; no bootstrap component. Compares to multivariate parametric models, applies to US stock portfolio, includes Monte‑Carlo style simulations but lacks formal bootstrap theory.","This paper develops a method for assessing portfolio tail risk based on extreme value theory. The technique applies separate estimations of univariate series and allows for closed-form expressions for Value at Risk and Expected Shortfall. Its forecasting ability is tested on a portfolio of U.S. stocks. The in-sample goodness-of-fit tests indicate that the proposed approach is better suited for portfolio risk modeling under extreme market movements than comparable multivariate parametric methods. Backtesting across multiple quantiles demonstrates that the model cannot be rejected at any reasonable level of significance, even when periods of stress are included. Numerical simulations corroborate the empirical results.","The proposed extreme value theory approach for portfolio tail risk modeling is better suited for extreme market movements than comparable multivariate parametric methods, as indicated by in-sample goodness-of-fit tests. The model's forecasting ability, tested on a U.S. stock portfolio, cannot be rejected at any reasonable significance level during backtesting across multiple quantiles, even when stress periods are included. Numerical simulations support these empirical findings. This method allows for closed-form expressions for Value at Risk and Expected Shortfall."
"Value at Risk Models - an Approach to Measuring Bank Foreign Exchange Exposure -dissertation paper-","https://scispace.com/papers/value-at-risk-models-an-approach-to-measuring-bank-foreign-58gnf05a48","2000","","","Anca Dimitriu
Moisa Altar","","https://scispace.com/pdf/value-at-risk-models-an-approach-to-measuring-bank-foreign-58gnf05a48.pdf","Yes","","","","","","","","","","","SciSpace Full Text","- **Relevance Score:** 57/100 - **Relevance Tag:** Somewhat Relevant - **Reasoning:** Uses EVT tail‑index estimation for VaR in banking FX exposure; no bootstrap component; compares several VaR models; applies to finance; includes simulated portfolio examples but lacks theoretical bootstrap guarantees.","Following the 1993 Amendment to the European Commission’s Capital Adequacy Directive, and the 1998 implementation of a similar approach in the US, banks are currently required to hold capital against market risk There are now created the opportunities for banks to use their internal value at risk models, as opposed to the standard regulatory formulae, as a basis for setting capital charges A wider use of VaR models also in emerging market economies could be an important step towards greater stability in the banking sector and further development of solid financial markets In a number of emerging markets, banks are already allowed to use VaR techniques in order to assess and manage their exposure to adverse changes in the market conditions As prospects for accession to the EU increase, and with the launching of the euro, CEE transition economies bank risk management practices and policies are likely to face new pressures for further mutation New members of the EU will be expected to adopt the aquis communitaire, and this will include the common framework for treating risk and the system of capital requirements Although the supervision authority does not indicate a specific approach to be used, the penalties associated with internal model failures in accurately forecasting the distribution of future losses raise the issue of model selection This paper examines the empirical performance of several value at risk estimation techniques employed to model bank foreign exchange exposure perceived from a banking regulation perspective We compare the performances of each model through a simulation methodology for a random portfolio containing spot position in five currencies against ROL, daily adjusted over a sample period of 22 months Performance assessment is based on a range of tests that address the relative size and variability of VaR estimates, accuracy features from a backtesting perspective and nevertheless efficiency in setting capital charges We found an important dispersion between different models VaR estimates, but no model was identified as being insufficiently conservative in its risk measurement The paper concludes that, although the tests are not precise enough to allow a categorical discrimination between models, they do provide useful diagnostic information for evaluating model performances","The paper found an important dispersion between different models' Value at Risk (VaR) estimates, yet no model was identified as insufficiently conservative in its risk measurement. Performance assessment involved tests addressing the relative size and variability of VaR estimates, accuracy from a backtesting perspective, and efficiency in setting capital charges. The tests, while not precise enough for categorical discrimination between models, provided useful diagnostic information for evaluating model performances. This suggests the utility of VaR models for measuring bank foreign exchange exposure from a banking regulation perspective."
"An Application of Extreme Value Theory for Measuring Financial Risk 1","https://scispace.com/papers/an-application-of-extreme-value-theory-for-measuring-42fygo1aoq","2006","","","Manfred Gilli
Evis Kellezi","","","Yes","333","","","","","","","","","","SciSpace","- **Relevance Score:** 56/100 - **Relevance Tag:** Somewhat Relevant - **Reasoning:** Uses EVT to compute tail risk measures for major stock indices, providing confidence intervals. No bootstrap techniques are described; comparisons and simulations are limited.","Assessing the probability of rare and extreme events is an important issue in the risk management of flnancial portfolios. Extreme value theory provides the solid fundamentals needed for the statistical modelling of such events and the computation of extreme risk measures. The focus of the paper is on the use of extreme value theory to compute tail risk measures and the related confldence intervals, applying it to several major stock market indices.","The paper focuses on using extreme value theory to compute tail risk measures and their related confidence intervals. It applies this methodology to several major stock market indices. The core finding is the application of extreme value theory for statistical modeling of rare and extreme financial events and the computation of extreme risk measures. The paper's relevance summary notes that it uses EVT to compute tail risk measures for major stock indices, providing confidence intervals. However, it does not describe bootstrap techniques, and comparisons and simulations are limited."
"High volatility, thick tails and extreme value theory in value-at-risk estimation","https://www.sciencedirect.com/science/article/pii/S0167668703001677","2003","Journal Article","Insurance Mathematics & Economics","Ramazan Gençay
Faruk Selcuk
Abdurrahman Ulugülyaǧci","10.1016/J.INSMATHECO.2003.07.004","https://repository.bilkent.edu.tr/bitstream/handle/11693/24416/High%20volatility%2C%20thick%20tails%20and%20extreme%20value%20theory%20in%20value-at-risk%20estimation.pdf?sequence=1","Yes","321","UQ_2mnOgaQgJ","","","","","","","","","SciSpace","- **Relevance Score:** 56/100 - **Relevance Tag:** Somewhat Relevant - **Reasoning:** Focuses on EVT for VaR in finance, but provides no bootstrap approach, theoretical bootstrap guarantees, or simulation study; offers limited method comparisons.","In this paper, the performance of the extreme value theory in value-at-risk calculations is compared to the performances of other well-known modeling techniques, such as GARCH, variance–covariance (Var–Cov) method and historical simulation in a volatile stock market. The models studied can be classified into two groups. The first group consists of GARCH(1, 1) and GARCH(1, 1)-t models which yield highly volatile quantile forecasts. The other group, consisting of historical simulation, Var–Cov approach, adaptive generalized Pareto distribution (GPD) and nonadaptive GPD models, leads to more stable quantile forecasts. The quantile forecasts of GARCH(1, 1) models are excessively volatile relative to the GPD quantile forecasts. This makes the GPD model be a robust quantile forecasting tool which is practical to implement and regulate for VaR measurements.","The paper compares extreme value theory (EVT) with other modeling techniques for Value-at-Risk (VaR) estimation in a volatile stock market. It classifies models into two groups: GARCH(1,1) and GARCH(1,1)-t models, which produce highly volatile quantile forecasts, and historical simulation, Var-Cov, adaptive GPD, and nonadaptive GPD models, which lead to more stable forecasts. A key finding is that GARCH(1,1) models yield excessively volatile quantile forecasts compared to GPD models. This indicates that the GPD model is a robust, practical, and regulatable tool for VaR measurements."
"The Extreme Value Theory as a Tool to Measure Market Risk","https://scispace.com/papers/the-extreme-value-theory-as-a-tool-to-measure-market-risk-531bbh2q42","2011","Posted Content","Research Papers in Economics","Krenar Avdulaj","","https://scispace.com/pdf/the-extreme-value-theory-as-a-tool-to-measure-market-risk-531bbh2q42.pdf","Yes","","","","","","","","","","","SciSpace Full Text","- **Relevance Score:** 56/100 - **Relevance Tag:** Somewhat Relevant - **Reasoning:** Uses EVT as core framework for extreme quantile VaR estimation in finance; lacks bootstrap, theoretical proofs, and dedicated simulation of bootstrap‑EVT.","Assessing the extreme events is crucial in financial risk management. All risk managers and financial institutions want to know the risk of their portfolio under rare events scenarios. We illustrate a multivariate market risk estimating method which employs Monte Carlo simulations to estimate Value-at-Risk (VaR) for a portfolio of 4 stock exchange indexes from Central Europe. The method uses the non-parametric empirical distribution to capture small risks and the parametric Extreme Value theory to capture large and rare risks. We compare estimates of this method with historical simulation and variance-covariance method under low and high volatility samples of data. In general historical simulation method overestimates the VaR for extreme events, while variance-covariance underestimates it. The method that we illustrate gives a result in between because it considers historical performance of the stocks and also corrects for the heavy tails of the distribution. We conclude that the estimate method that we illustrate here is useful in estimating VaR for extreme events, especially for high volatility times.","The paper illustrates a multivariate market risk estimating method using Monte Carlo simulations and Extreme Value Theory (EVT) to estimate Value-at-Risk (VaR) for a portfolio of 4 Central European stock exchange indexes. This method combines non-parametric empirical distribution for small risks and parametric EVT for large, rare risks. Compared to historical simulation, which overestimates VaR for extreme events, and the variance-covariance method, which underestimates it, the illustrated method provides intermediate results by considering historical performance and correcting for heavy tails. The findings suggest this method is useful for estimating VaR during extreme events, particularly in high volatility periods."
"Extreme Risk, Value-At-Risk And Expected Shortfall In The Gold Market","https://scispace.com/papers/extreme-risk-value-at-risk-and-expected-shortfall-in-the-3u95byfzfh","2014","Journal Article","","Knowledge Chinhamu
Chun-Kai Huang
Chun-Sung Huang
Delson Chikobvu","10.19030/IBER.V14I1.9035","https://scispace.com/pdf/extreme-risk-value-at-risk-and-expected-shortfall-in-the-3u95byfzfh.pdf","Yes","","","","","","","","","","","SciSpace","- **Relevance Score:** 56/100 - **Relevance Tag:** Somewhat Relevant - **Reasoning:** Uses EVT/GPD to model gold returns and estimate VaR/ES; compares GPD against Gaussian and t models; applies to finance. No bootstrap within EVT, no theory proofs, no Monte‑Carlo simulation.","Extreme value theory (EVT) has been widely applied in fields such as hydrology and insurance. It is a tool used to reflect on probabilities associated with extreme, and thus rare, events. EVT is useful in modeling the impact of crashes or situations of extreme stress on investor portfolios. It describes the behavior of maxima or minima in a time series, i.e., tails of a distribution. In this paper, we propose the use of generalised Pareto distribution (GPD) to model extreme returns in the gold market. This method provides effective means of estimating tail risk measures such as Value-at-Risk (VaR) and Expected Shortfall (ES). This is confirmed by various backtesting procedures. In particular, we utilize the Kupiec unconditional coverage test and the Christoffersen conditional coverage test for VaR backtesting, while the Bootstrap test is used for ES backtesting. The results indicate that GPD is superior to the traditional Gaussian and Student’s t models for VaR and ES estimations.","The generalized Pareto distribution (GPD) effectively models extreme returns in the gold market, providing accurate estimations for Value-at-Risk (VaR) and Expected Shortfall (ES). Backtesting procedures, including Kupiec unconditional coverage, Christoffersen conditional coverage for VaR, and Bootstrap test for ES, confirmed the method's efficacy. The results indicate that GPD is superior to traditional Gaussian and Student’s t models for both VaR and ES estimations. This suggests GPD offers a more robust approach for estimating tail risk measures in the gold market."
"Multiplier bootstrap of tail copulas with applications","http://arxiv.org/abs/1102.0110v3","2011","Preprint","","Axel Bücher
Holger Dette","10.3150/12-BEJ425","http://arxiv.org/pdf/1102.0110v3","Yes","","","","","","","http://arxiv.org/abs/1102.0110v3","2013-12-11T06:44:52Z","math.ST","math.ST, stat.TH","arXiv","- **Relevance Score:** 56/100 - **Relevance Tag:** Somewhat Relevant - **Reasoning:** Uses multiplier bootstrap for tail copulas with consistency proofs, fitting EVT framework; does not target VaR/ES or compare to other methods, nor include domain application or simulations.","For the problem of estimating lower tail and upper tail copulas, we propose two bootstrap procedures for approximating the distribution of the corresponding empirical tail copulas. The first method uses a multiplier bootstrap of the empirical tail copula process and requires estimation of the partial derivatives of the tail copula. The second method avoids this estimation problem and uses multipliers in the two-dimensional empirical distribution function and in the estimates of the marginal distributions. For both multiplier bootstrap procedures, we prove consistency. For these investigations, we demonstrate that the common assumption of the existence of continuous partial derivatives in the the literature on tail copula estimation is so restrictive, such that the tail copula corresponding to tail independence is the only tail copula with this property. Moreover, we are able to solve this problem and prove weak convergence of the empirical tail copula process under nonrestrictive smoothness assumptions that are satisfied for many commonly used models. These results are applied in several statistical problems, including minimum distance estimation and goodness-of-fit testing.","The paper proposes two multiplier bootstrap procedures for approximating the distribution of empirical tail copulas, proving consistency for both methods. It demonstrates that the common assumption of continuous partial derivatives in tail copula estimation is restrictive, with only tail copulas corresponding to tail independence satisfying this property. The research solves this problem by proving weak convergence of the empirical tail copula process under nonrestrictive smoothness assumptions applicable to many models. These theoretical results are applied to statistical problems such as minimum distance estimation and goodness-of-fit testing."
"Extreme Value Theory: Value at Risk and Returns Dependence Around the World","https://scispace.com/papers/extreme-value-theory-value-at-risk-and-returns-dependence-c2bak8hs50","2003","Posted Content","Research Papers in Economics","Viviana Fernandez","","https://scispace.com/pdf/extreme-value-theory-value-at-risk-and-returns-dependence-c2bak8hs50.pdf","Yes","","","","","","","","","","","SciSpace Full Text","- **Relevance Score:** 56/100 - **Relevance Tag:** Somewhat Relevant - **Reasoning:** Uses EVT to compute VaR for global stock markets; no bootstrap techniques described; compares EVT VaR to other methods; focuses on finance; lacks theoretical bootstrap proofs or simulation validation.","This paper presents two applications of Extreme Value Theory (EVT) to financial markets: computation of value at risk and assets returns dependence under extreme events (i.e. tail dependence). We use a sample comprised of the United States, Europe, Asia, and Latin America. Our main findings are the following. First, on average, EVT gives the most accurate estimates of value at risk. Second, tail dependence decreases when filtering out heteroscedasticity and serial correlation by multivariate GARCH models. Both findings are in agreement with previous research in this area for other financial markets.","The main findings are that Extreme Value Theory (EVT) provides the most accurate estimates of value at risk. Additionally, tail dependence decreases when heteroscedasticity and serial correlation are filtered out using multivariate GARCH models. These findings are consistent with previous research in other financial markets. The paper applies EVT to financial markets across the United States, Europe, Asia, and Latin America."
"Using extreme value theory to estimate value‐at‐risk","https://www.emerald.com/insight/content/doi/10.1108/00215000380001141/full/html","2003","Journal Article","Agricultural Finance Review","Martin Odening
Jan Hinrichs","10.1108/00215000380001141","https://www.agrar.hu-berlin.de/de/institut/departments/daoe/lbl/dokumente/literatur/VAREVT/@@download/file/VaRUsingEVT.PDF","No","73","vatk3SO5hTcJ","","","","","","","","","SciSpace","- **Relevance Score:** 56/100 - **Relevance Tag:** Somewhat Relevant - **Reasoning:** Uses EVT to model fat‑tailed returns and estimate multi‑period VaR, directly applying to the German hog market. No bootstrap techniques are presented, limiting relevance to bootstrap‑EVT criteria.","This study examines problems that may occur when conventional Value‐at‐Risk (VaR) estimators are used to quantify market risks in an agricultural context. For example, standard VaR methods, such as the variance‐covariance method or historical simulation, can fail when the return distribution is fat tailed. This problem is aggravated when long‐term VaR forecasts are desired. Extreme Value Theory (EVT) is proposed to overcome these problems. The application of EVT is illustrated by an example from the German hog market. Multi‐period VaR forecasts derived by EVT are found to deviate considerably from standard forecasts. We conclude that EVT is a useful complement to traditional VaR methods.","Extreme Value Theory (EVT) is proposed to overcome issues with conventional Value-at-Risk (VaR) estimators, which can fail for fat-tailed return distributions, particularly for long-term forecasts in an agricultural context. The application of EVT is illustrated using an example from the German hog market. Multi-period VaR forecasts derived by EVT were found to deviate considerably from standard forecasts. The study concludes that EVT serves as a useful complement to traditional VaR methods."
"Extreme value theory versus traditional GARCH approaches applied to financial data: a comparative evaluation","https://scispace.com/papers/extreme-value-theory-versus-traditional-garch-approaches-1mxw0i4nl6","2013","Journal Article","Quantitative Finance","Dolores Furió
Francisco Climent","10.1080/14697688.2012.696679","https://scispace.com/pdf/extreme-value-theory-versus-traditional-garch-approaches-1mxw0i4nl6.pdf","Yes","","","","","","","","","","","SciSpace Full Text","- **Relevance Score:** 56/100 - **Relevance Tag:** Somewhat Relevant - **Reasoning:** Uses EVT to model tails and estimate VaR/ES; compares EVT results with traditional GARCH models on financial data; no bootstrap techniques or theoretical error analysis included.","Although stock prices fluctuate, the variations are relatively small and are frequently assumed to be normally distributed on a large time scale. But sometimes these fluctuations can become determinant, especially when unforeseen large drops in asset prices are observed that could result in huge losses or even in market crashes. The evidence shows that these events happen far more often than would be expected under the generalised assumption of normally distributed financial returns. Thus it is crucial to model distribution tails properly so as to be able to predict the frequency and magnitude of extreme stock price returns. In this paper we follow the approach suggested by McNeil and Frey in 2000 and combine GARCH-type models with the extreme value theory to estimate the tails of three financial index returns – S&P 500, FTSE 100 and NIKKEI 225 – representing three important financial areas in the world. Our results indicate that EVT-based conditional quantile estimates are more accurate than those from c...","The paper's results indicate that Extreme Value Theory (EVT)-based conditional quantile estimates are more accurate than those from traditional GARCH approaches. This finding is based on combining GARCH-type models with EVT to estimate the tails of financial index returns for the S&P 500, FTSE 100, and NIKKEI 225. The study highlights the importance of properly modeling distribution tails to predict the frequency and magnitude of extreme stock price returns."
"Extreme value analysis of daily Canadian crude oil prices","https://scispace.com/papers/extreme-value-analysis-of-daily-canadian-crude-oil-prices-3l7citlw31","2010","Journal Article","Applied Financial Economics","Feng Ren
David E. A. Giles","10.1080/09603101003724323","https://scispace.com/pdf/extreme-value-analysis-of-daily-canadian-crude-oil-prices-3l7citlw31.pdf","Yes","","","","","","","","","","","SciSpace Full Text","- **Relevance Score:** 56/100 - **Relevance Tag:** Somewhat Relevant - **Reasoning:** Uses EVT to model oil price tails and estimate VaR/ES; applies to finance. No bootstrap component; only brief mention of other methods; lacks theory or simulations.","Crude oil markets are highly volatile and risky. Extreme Value Theory (EVT), an approach to modelling and measuring risks under rare events, has seen a more prominent role in risk management in recent years. This article presents an application of EVT to the daily returns of crude oil prices in the Canadian spot market between 1998 and 2006. We focus on the Peak Over Threshold (POT) method by analysing the generalized Pareto-distributed exceedances over some high threshold. This method provides an effective means for estimating tail risk measures such as Value-at-Risk (VaR) and Expected Shortfall (ES). The estimates of risk measures computed under different high quantile levels exhibit strong stability across a range of the selected thresholds. At the 99th quantile, the estimates of VaR are approximately 6.3% and 6.8% for daily positive and negative returns, respectively.","This article applies Extreme Value Theory (EVT) to daily Canadian crude oil prices from 1998 to 2006, specifically using the Peak Over Threshold (POT) method. This method effectively estimates tail risk measures like Value-at-Risk (VaR) and Expected Shortfall (ES). The estimates of risk measures showed strong stability across various high quantile levels. At the 99th quantile, VaR estimates were approximately 6.3% for daily positive returns and 6.8% for daily negative returns. The study highlights EVT's role in modeling and measuring risks under rare events in volatile crude oil markets."
"Characterization of the frequency of extreme events by the Generalized
  Pareto Distribution","http://arxiv.org/abs/cond-mat/0011168v1","2000","Preprint","","V. F. Pisarenko
D. Sornette","10.1007/s00024-003-2397-x","http://arxiv.org/pdf/cond-mat/0011168v1","Yes","","","","","","","http://arxiv.org/abs/cond-mat/0011168v1","2000-11-09T20:37:03Z","cond-mat.stat-mech","cond-mat.stat-mech","arXiv","- **Relevance Score:** 56/100 - **Relevance Tag:** Somewhat Relevant - **Reasoning:** Uses EVT (GPD via Gnedenko‑Pickands‑Balkema‑de Haan) to model seismic tails. Applies bootstrap to test GPD deviations, though not for VaR/ES. Demonstrates method on earthquake catalog.","Based on recent results in extreme value theory, we use a new technique for the statistical estimation of distribution tails. Specifically, we use the Gnedenko-Pickands-Balkema-de Haan theorem, which gives a natural limit law for peak-over-threshold values in the form of the Generalized Pareto Distribution (GPD). Useful in finance, insurance, hydrology, we investigate here the earthquake energy distribution described by the Gutenberg-Richter seismic moment-frequency law and analyze shallow earthquakes (depth h < 70 km) in the Harvard catalog over the period 1977-2000 in 18 seismic zones. The whole GPD is found to approximate the tails of the seismic moment distributions quite well above moment-magnitudes larger than mW=5.3 and no statistically significant regional difference is found for subduction and transform seismic zones. We confirm that the b-value is very different in mid-ocean ridges compared to other zones (b=1.50=B10.09 versus b=1.00=B10.05 corresponding to a power law exponent close to 1 versus 2/3) with a very high statistical confidence. We propose a physical mechanism for this, contrasting slow healing ruptures in mid-ocean ridges with fast healing ruptures in other zones. Deviations from the GPD at the very end of the tail are detected in the sample containing earthquakes from all major subduction zones (sample size of 4985 events). We propose a new statistical test of significance of such deviations based on the bootstrap method. The number of events deviating from the tails of GPD in the studied data sets (15-20 at most) is not sufficient for determining the functional form of those deviations. Thus, it is practically impossible to give preference to one of the previously suggested parametric families describing the ends of tails of seismic moment distributions.","The Generalized Pareto Distribution (GPD) approximates the tails of seismic moment distributions well for moment-magnitudes larger than mW=5.3, with no significant regional difference found for subduction and transform seismic zones. A statistically confident difference in b-value is observed, with mid-ocean ridges showing b=1.50=B10.09 compared to b=1.00=B10.05 in other zones, suggesting contrasting slow versus fast healing ruptures. Deviations from the GPD are detected at the very end of the tail in a sample of 4985 events, and a new bootstrap-based statistical test for these deviations is proposed. However, the limited number of deviating events (15-20 at most) prevents determining the functional form of these extreme tail deviations or preferring existing parametric families."
"An Application of Extreme Value Theory for Measuring Financial Risk","https://scispace.com/papers/an-application-of-extreme-value-theory-for-measuring-kmbdduc75n","2006","Journal Article","Computing in Economics and Finance","Manfred Gilli
Evis Kellezi","10.1007/S10614-006-9025-7","https://scispace.com/pdf/an-application-of-extreme-value-theory-for-measuring-kmbdduc75n.pdf","Yes","461","","","","","","","","","","SciSpace","- **Relevance Score:** 55/100 - **Relevance Tag:** Somewhat Relevant - **Reasoning:** Uses EVT to compute tail risk measures for major stock indices; lacks bootstrap, alternative comparisons, theoretical proofs, or simulation validation.","Assessing the probability of rare and extreme events is an important issue in the risk management of financial portfolios. Extreme value theory provides the solid fundamentals needed for the statistical modelling of such events and the computation of extreme risk measures. The focus of the paper is on the use of extreme value theory to compute tail risk measures and the related confidence intervals, applying it to several major stock market indices.","The paper's focus is on using extreme value theory to compute tail risk measures and their associated confidence intervals. This methodology was applied to several major stock market indices. The tldr states that the authors used extreme value theory to compute tail risk measures and related confidence intervals, applying it to several major stock market indices, including the S&P 500 and the SVM. The relevance summary indicates that the paper lacks bootstrap, alternative comparisons, theoretical proofs, or simulation validation."
"An Empirical Study for Comparison of Estimation Methods for Value at Risk, Tail Value at Risk, and Adjusted Tail Value at Risk Using Extreme Value Theory Approach to Stock Market Index","https://scispace.com/papers/an-empirical-study-for-comparison-of-estimation-methods-for-2y6sztz4","2022","Journal Article","Daya Matematis : Jurnal Inovasi Pendidikan Matematika","Sri Muslihah Bakhtiar
Amran H. Amran
Khaeruddin Khaeruddin","10.26858/jdm.v10i2.35702","https://scispace.com/pdf/an-empirical-study-for-comparison-of-estimation-methods-for-2y6sztz4.pdf","Yes","","","","","","","","","","","SciSpace","- **Relevance Score:** 54/100 - **Relevance Tag:** Somewhat Relevant - **Reasoning:** Uses POT EVT to estimate VaR, TVaR, Adj‑TVaR on stock indices; compares Adj‑TVaR to TVaR but lacks bootstrap, theoretical proofs, or simulation.","Risk management helps the financial industry to manage and estimate the risks that may occur by using risk measures. Financial series data mostly have a heavy tail distribution which causes the probability of extreme values to occur. To overcome these extreme values, it is necessary to apply a mathematical model in calculating risk estimates in financial data combined with the Extreme Value Theory approach. The Adjusted-TVaR model is a measure of the risk of modification of the TVaR model to eliminate outliers in the tail of the distribution. The purpose of this study is to measure the accuracy of the Value at Risk, Tail Value at Risk, and Adjusted Tail Value at Risk using the Peak Over Thresholdapproach in Extreme Value Theory Models.The results of the risk estimation research using the POT approach method, show that the higher the level of confidence and the chosen constant, the higher the value of Adj-TVaR presented. This value represents that the potential loss will be higher. The estimation results obtained that the VaR value is smaller than Adj-TVaR and Adj-TVaR is smaller than TVaR. This shows that Adj-TVaR is more efficient to use in terms of predicting risk value when compared to TVaR with the Peak Over Threshold approach","The study found that a higher level of confidence and chosen constant resulted in a higher Adjusted Tail Value at Risk (Adj-TVaR) value, indicating a higher potential loss. The estimation results showed that Value at Risk (VaR) was smaller than Adj-TVaR, and Adj-TVaR was smaller than Tail Value at Risk (TVaR). This suggests that Adj-TVaR is more efficient for predicting risk value compared to TVaR, especially when using the Peak Over Threshold approach. The research measured the accuracy of VaR, TVaR, and Adj-TVaR using the Peak Over Threshold approach within Extreme Value Theory Models."
"Crude oil futures tail risk measurement based on extreme value theory","https://scispace.com/papers/crude-oil-futures-tail-risk-measurement-based-on-extreme-3j2s34wb","2023","Journal Article","International Journal of Global Energy Issues","Shun-Ping Chen","10.1504/ijgei.2023.127631","","No","","","","","","","","","","","SciSpace","- **Relevance Score:** 54/100 - **Relevance Tag:** Somewhat Relevant - **Reasoning:** Uses EVT POT to compute VaR, ES, SRM for Brent crude oil futures; no bootstrap techniques; compares results to normal‑distribution estimates; focuses on financial commodity risk; lacks theoretical bootstrap proofs or simulation validation.","In this paper, we use three common tail risk measurements of Value-at-Risk (VaR), Expected Shortfall (ES) and Spectral Risk Measure (SRM) to calculate the tail risk of crude oil futures based on extreme value theory. Specifically, we propose a method to determine the optimal threshold in the extreme value theory, and further to calculate the values of VaR, ES and SRM based on Peak Over Threshold (POT) model. Empirical results show that the extreme value POT model can be used to characterise the tail risk of the price return under extreme fluctuations in Brent crude oil futures market. Moreover, the risk of VaR, ES and SRM in the Brent crude oil futures market based on extreme value theory is higher than that under the normal distribution assumption, which indicates that the traditional normal distribution assumption underestimates the tail risk. Owing the flexibility and the accuracy, we suggest that investors use ERM to measure the extreme risk of crude oil futures.","Empirical results show that the extreme value Peak Over Threshold (POT) model effectively characterizes the tail risk of price returns under extreme fluctuations in the Brent crude oil futures market. The risk measured by VaR, ES, and SRM using extreme value theory is higher than under the normal distribution assumption, indicating that traditional normal distribution underestimates tail risk. The paper suggests that investors use ERM for measuring extreme risk in crude oil futures due to its flexibility and accuracy."
"Exchange Rate Risk: Heads or Tails","https://scispace.com/papers/exchange-rate-risk-heads-or-tails-xs4aeqarvs","2009","Posted Content","Research Papers in Economics","Ana-Maria Gavril
Moisa Altar","","https://scispace.com/pdf/exchange-rate-risk-heads-or-tails-xs4aeqarvs.pdf","Yes","","","","","","","","","","","SciSpace Full Text","- **Relevance Score:** 54/100 - **Relevance Tag:** Somewhat Relevant - **Reasoning:** Uses EVT to model exchange‑rate tails and estimate VaR, compares standard VaR to extreme‑VaR, but lacks bootstrap techniques, theoretical proofs, or simulation experiments.","More than forty years ago researchers started to reconsider the behavior of financial data. Since then, stylized facts about financial returns have become common knowledge in economics. Characteristics as fat-tailedness, leptokurtosis and serial dependence have been extensively analyzed. As the financial world became focused on risk management and prudential supervision, various risk models have been developed. However, the first generation of risk models is highly dependent on rough assumptions, empirically contradicted, but embraced by practitioners as they benefit from a fairly easy implementation. In the context of market risk, such a proxy was developed under the name of Value at Risk, which rapidly became a standard measure for both risk managers and supervisors. The current state of affairs brings us one step closer to the death of VaR. The need for a new approach is imperative. This paper aims to bring new evidence to the limited performance of Value at Risk and test the fit of Extreme Value Theory as a complementary risk management tool for stressed market conditions, in the context of exchange rate risk. We use exchange rate returns of four currencies against the Euro and analyze the relative performance of several VaR models and Extreme Value Theory, respectively. We show that in extreme market conditions, extreme measures are required, and that no single measure can perform proper for both the centre and the tails of an exchange rate distribution.","This paper demonstrates the limited performance of Value at Risk (VaR) and tests the fit of Extreme Value Theory (EVT) as a complementary risk management tool for exchange rate risk in stressed market conditions. The authors show that in extreme market conditions, extreme measures are required. A key finding is that no single measure can perform properly for both the center and the tails of an exchange rate distribution. The study analyzes the relative performance of several VaR models and EVT using exchange rate returns of four currencies against the Euro."
"High volatility, thick tails and extreme value theory in value-at-risk estimation","https://scispace.com/papers/high-volatility-thick-tails-and-extreme-value-theory-in-3mq9w730hf","2003","Journal Article","Insurance Mathematics & Economics","Ramazan Gençay
Faruk Selcuk
Abdurrahman Ulugülyaǧci","10.1016/J.INSMATHECO.2003.07.004","https://scispace.com/pdf/high-volatility-thick-tails-and-extreme-value-theory-in-3mq9w730hf.pdf","Yes","207","","","","","","","","","","SciSpace Full Text","- **Relevance Score:** 54/100 - **Relevance Tag:** Somewhat Relevant - **Reasoning:** Uses EVT to model tails and estimate VaR in financial markets; no bootstrap techniques are presented; compares unconditional vs ARCH/GARCH approaches; lacks theoretical bootstrap guarantees or simulation validation.","In this paper, the performance of the extreme value theory in value-at-risk calculations is compared to the performances of other well-known modeling techniques, such as GARCH, variance–covariance (Var–Cov) method and historical simulation in a volatile stock market. The models studied can be classified into two groups. The first group consists of GARCH(1, 1) and GARCH(1, 1)-t models which yield highly volatile quantile forecasts. The other group, consisting of historical simulation, Var–Cov approach, adaptive generalized Pareto distribution (GPD) and nonadaptive GPD models, leads to more stable quantile forecasts. The quantile forecasts of GARCH(1, 1) models are excessively volatile relative to the GPD quantile forecasts. This makes the GPD model be a robust quantile forecasting tool which is practical to implement and regulate for VaR measurements.","The study compares extreme value theory (EVT) in value-at-risk (VaR) calculations against GARCH, variance–covariance (Var–Cov), and historical simulation methods. GARCH(1,1) and GARCH(1,1)-t models produced highly volatile quantile forecasts, while historical simulation, Var–Cov, adaptive GPD, and nonadaptive GPD models led to more stable forecasts. Specifically, GARCH(1,1) models yielded excessively volatile quantile forecasts compared to GPD. This indicates that the GPD model is a robust, practical, and regulatable tool for VaR measurements."
"Was RASDAQ Doomed from the Start? Further Investigations","https://scispace.com/papers/was-rasdaq-doomed-from-the-start-further-investigations-4f8fg1zfz2","2015","Journal Article","Social Science Research Network","Cornelia Pop
Cristina Balint
Maria-Andrada Georgescu","10.2139/SSRN.2551560","https://scispace.com/pdf/was-rasdaq-doomed-from-the-start-further-investigations-4f8fg1zfz2.pdf","Yes","","","","","","","","","","","SciSpace Full Text","- **Relevance Score:** 54/100 - **Relevance Tag:** Somewhat Relevant - **Reasoning:** Uses EVT to model heavy‑tailed financial returns and estimate VaR, compares Basel and other VaR models, but lacks bootstrap within EVT, theoretical proofs, or simulation experiments.","The present paper continues the investigations on RASDAQ market initiated by Pop et al. (2014) by extending the period under scrutiny to December 2014. The changes that took place during 2014 are highlighted and the hypothesis formulated by Pop et al. (2014) reinvestigated. The current findings confirm the hypothesis previously formulated. RASDAQ has been under the influence of BVB and overshadowed by it; therefore RASDAQ was only secondarily considered as an alternative for portfolio investments. The January effect and the weekend effect became even weaker by extending the investigation period confirming the fact that RASDAQ was rather ignored by portfolio investors. By adding new independent variables in investigating the trades’ variability, it was reinforced that RASDAQ was used by mainly by the existing shareholders involved in the ownership concentration process. Further, the paper tried to establish how many companies would be interesting to be transferred within BVB Standard tier. The investigation were based on the similarity of company profiles based on market capitalization, trades within 52 weeks, debt to equity ratio, net profit or loss ratio, and Tobin’s q. A number of 39 companies were identified, a little higher than that mentioned by BVB general director. Overall, the current investigations confirm the main conclusion of Pop et al. (2014) that the RASDAQ played its role as intermediary of ownership concentration for the listed companies.","The current findings confirm the hypothesis that RASDAQ was under the influence of BVB and overshadowed by it, making it only secondarily considered for portfolio investments. The January and weekend effects weakened further, indicating RASDAQ was largely ignored by portfolio investors. Investigations reinforced that RASDAQ was mainly used by existing shareholders for ownership concentration. Based on company profiles, 39 companies were identified as potentially transferable to the BVB Standard tier. Overall, the study confirms RASDAQ's role as an intermediary for ownership concentration among listed companies."
"Extreme value theory and Value-at-Risk: Relative performance in emerging markets","https://www.sciencedirect.com/science/article/pii/S0169207003001031","2004","Journal Article","International Journal of Forecasting","Ramazan Gençay
Ramazan Gençay
Faruk Selcuk","10.1016/J.IJFORECAST.2003.09.005","https://repository.bilkent.edu.tr/bitstream/11693/11297/1/10.1016-j.ijforecast.2003.09.005.pdf","Yes","648","wO8JotGNV_gJ","","","","","","","","","Google Scholar","- **Relevance Score:** 54/100 - **Relevance Tag:** Somewhat Relevant - **Reasoning:** Uses EVT to generate VaR estimates for emerging markets, directly targeting tail‑risk. No bootstrap techniques are described, limiting relevance to bootstrap‑EVT criteria. Provides limited comparison to other methods and applies to finance, but lacks theoretical proofs or simulation validation.","","The study indicates that Extreme Value Theory (EVT) is used to generate Value-at-Risk (VaR) estimates and provide tail forecasts. The results show that EVT-based VaR estimates are more accurate at higher quantiles. This suggests a relative performance advantage for EVT in estimating VaR, particularly for extreme events."
"Managing financial risks: from an institutional to a macro perspective","https://scispace.com/papers/managing-financial-risks-from-an-institutional-to-a-macro-38k923jb2m","2014","","","T.H.T. Dinh","","https://scispace.com/pdf/managing-financial-risks-from-an-institutional-to-a-macro-38k923jb2m.pdf","Yes","","","","","","","","","","","SciSpace Full Text","- **Relevance Score:** 54/100 - **Relevance Tag:** Somewhat Relevant - **Reasoning:** Uses EVT to model extreme bank equity losses and estimate systemic tail‑risk measures; no bootstrap techniques described; compares to MES/CoVaR rather than bootstrap‑EVT; applied to financial systemic risk.","","Not available in metadata."
"Horizon Problems and Extreme Events in Financial Risk Management","https://scispace.com/papers/horizon-problems-and-extreme-events-in-financial-risk-4oiipz15j0","1998","Posted Content","Federal Reserve Bank of New York Economic policy review","Peter Christoffersen
Francis X. Diebold
Til Schuermann","","https://scispace.com/pdf/horizon-problems-and-extreme-events-in-financial-risk-4oiipz15j0.pdf","Yes","","","","","","","","","","","SciSpace Full Text","- **Relevance Score:** 54/100 - **Relevance Tag:** Somewhat Relevant - **Reasoning:** Uses EVT to model tails and estimate extreme quantiles/VaR in finance; lacks bootstrap techniques, theoretical proofs, and simulation; briefly mentions alternative tail methods.","I. INTRODUCTION There is no one ""magic"" relevant horizon for risk management. Instead, the relevant horizon will generally vary by asset class (for example, equity versus bonds), industry (banking versus insurance), position in the firm (trading desk versus chief financial officer), and motivation (private versus regulatory), among other things, and thought must be given to the relevant horizon on an application-by-application basis. But one thing is clear: in many risk management situations, the relevant horizons are long--certainly longer than just a few days--an insight incorporated, for example, in Bankers Trust's RAROC system, for which the horizon is one year. Simultaneously, it is well known that short-horizon asset return volatility fluctuates and is highly forecastable, a phenomenon that is very much at the center of modern risk management paradigms. Much less is known, however, about the forecastability of long-horizon volatility, and the speed and pattern with which forecastability decays as the horizon lengthens. A key question arises: Is volatility forecastability important for long-horizon risk management, or is a traditional constant-volatility assumption adequate? In this paper, we address this question, exploring the interface between long-horizon financial risk management and long-horizon volatility forecastability and, in particular, whether long-horizon volatility is forecastable enough such that volatility models are useful for long-horizon risk management. In particular, we report on recent relevant work by Diebold, Hickman, Inoue, and Schuermann (1998); Christoffersen and Diebold (1997); and Diebold, Schuermann, and Stroughair (forthcoming). To assess long-horizon volatility forecastability, it is necessary to have a measure of long-horizon volatility, which can be obtained in a number of ways. We proceed in Section II by considering two ways of converting short-horizon volatility into long-horizon volatility: scaling and formal model-based aggregation. The defects of those procedures lead us to take a different approach in Section III, estimating volatility forecastability directly at the horizons of interest, without making assumptions about the nature of the volatility process, and arriving at a surprising conclusion: Volatility forecastability seems to decline quickly with horizon, and seems to have largely vanished beyond horizons of ten or fifteen trading days. If volatility forecastability is not important for risk management beyond horizons of ten or fifteen trading days, then what is important? The really big movements such as the U.S. crash of 1987 are still poorly understood, and ultimately the really big movements are the most important for risk management. This suggests the desirability of directly modeling the extreme tails of return densities, a task potentially facilitated by recent advances in extreme value theory. We explore that idea in Section IV, and we conclude in Section V. II. OBTAINING LONG-HORIZON VOLATILITIES FROM SHORT-HORIZON VOLATILITIES SCALING AND FORMAL AGGREGATION(1) Operationally, risk is often assessed at a short horizon, such as one day, and then converted to other horizons, such as ten days or thirty days, by scaling by the square root of horizon [for instance, as in Smithson and Minton (1996a, 1996b) or J.P. Morgan (1996)]. For example, to obtain a ten-day volatility, we multiply the one-day volatility by [square root of 10]. Moreover, the horizon conversion is often significantly longer than ten days. Many banks, for example, link trading volatility measurement to internal capital allocation and risk-adjusted performance measurement schemes, which rely on annual volatility estimates. The temptation is to scale one-day volatility by [square root of 252]. It turns out, however, that scaling is both inappropriate and misleading. SCALING WORKS IN lid ENVIRONMENTS Here we describe the restrictive environment in which scaling is appropriate. …","Volatility forecastability appears to decline quickly with horizon, largely vanishing beyond horizons of ten or fifteen trading days. Consequently, traditional scaling methods for converting short-horizon volatility to long-horizon volatility are found to be inappropriate and misleading. For risk management beyond these short horizons, the paper suggests that modeling extreme tails of return densities, potentially using extreme value theory, is more important than volatility forecastability. The authors conclude that ""the really big movements such as the U.S. crash of 1987 are the most important for risk management."""
"Value at risk estimation using the GARCH-EVT approach with optimal tail selection","https://www.mdpi.com/2227-7390/8/1/114","2020","Journal Article","","Krzysztof Echaust
Małgorzata Just","10.3390/MATH8010114","https://www.mdpi.com/2227-7390/8/1/114/pdf","Yes","40","4hnvvBD2kZkJ","","","","","","","","","SciSpace","- **Relevance Score:** 54/100 - **Relevance Tag:** Somewhat Relevant - **Reasoning:** Uses GARCH‑EVT to model tails and estimate VaR, fulfilling EVT and tail‑risk goals. No bootstrap techniques are employed. Compares threshold selection methods, applies to global stock indices, but lacks theoretical bootstrap guarantees or Monte‑Carlo simulations.","A conditional Extreme Value Theory (GARCH-EVT) approach is a two-stage hybrid method that combines a Generalized Autoregressive Conditional Heteroskedasticity (GARCH) filter with the Extreme Value Theory (EVT). The approach requires pre-specification of a threshold separating distribution tails from its middle part. The appropriate choice of a threshold level is a demanding task. In this paper we use four different optimal tail selection algorithms, i.e., the path stability method, the automated Eye-Ball method, the minimization of asymptotic mean squared error method and the distance metric method with a mean absolute penalty function, to estimate out-of-sample Value at Risk (VaR) forecasts and compare them to the fixed threshold approach. Unlike other studies, we update the optimal fraction of the tail for each rolling window of the returns. The research objective is to verify to what extent optimization procedures can improve VaR estimates compared to the fixed threshold approach. Results are presented for a long and a short position applying 10 world stock indices in the period from 2000 to June 2019. Although each approach generates different threshold levels, the GARCH-EVT model produces similar Value at Risk estimates. Therefore, no improvement of VaR accuracy may be observed relative to the conservative approach taking the 95th quantile of returns as a threshold.","The GARCH-EVT model, despite using different optimal tail selection algorithms that generate varied threshold levels, produced similar Value at Risk estimates. Consequently, no improvement in VaR accuracy was observed when compared to the conservative fixed threshold approach, which used the 95th quantile of returns. These results were obtained from out-of-sample VaR forecasts for long and short positions across 10 world stock indices from 2000 to June 2019. The study found that optimization procedures did not significantly improve VaR estimates over a fixed threshold."
"Estimation of Value-at-Risk and Expected Shortfall based on Nonlinear Models of Return Dynamics and Extreme Value Theory","https://scispace.com/papers/estimation-of-value-at-risk-and-expected-shortfall-based-on-3hyrhqtvpr","2006","Journal Article","Studies in Nonlinear Dynamics and Econometrics","Carlos Martins-Filho
Feng Yao","10.2202/1558-3708.1304","https://scispace.com/pdf/estimation-of-value-at-risk-and-expected-shortfall-based-on-3hyrhqtvpr.pdf","No","","","","","","","","","","","SciSpace Full Text","- **Relevance Score:** 54/100 - **Relevance Tag:** Somewhat Relevant - **Reasoning:** Uses EVT to model return tails and estimate VaR/ES in finance; compares to other approaches; lacks bootstrap, theoretical proofs, and simulation results.","We propose an estimation procedure for value-at-risk (VaR) and expected shortfall (TailVaR) for conditional distributions of a time series of returns on a financial asset. Our approach combines a local polynomial estimator of conditional mean and volatility functions in a conditional heterocedastic autoregressive nonlinear (CHARN) model with Extreme Value Theory for estimating quantiles of the conditional distribution. We investigate the finite sample properties of our method and contrast them with alternatives, including the method recently proposed by McNeil and Frey (2000), in an extensive Monte Carlo study. The method we propose outperforms the estimators currently available in the literature. An evaluation based on backtesting was also performed.","The proposed method for estimating Value-at-Risk (VaR) and Expected Shortfall (TailVaR) combines a local polynomial estimator in a CHARN model with Extreme Value Theory. An extensive Monte Carlo study showed that this method outperforms other estimators currently available in the literature. The finite sample properties of the method were investigated and contrasted with alternatives, including McNeil and Frey (2000). The evaluation also included backtesting."
"An Application of Extreme Value Theory for Measuring Risk","https://scispace.com/papers/an-application-of-extreme-value-theory-for-measuring-risk-2hu7kb3ox8","2003","","","Manfred Gilli
Evis Kellezi","","https://scispace.com/pdf/an-application-of-extreme-value-theory-for-measuring-risk-2hu7kb3ox8.pdf","Yes","","","","","","","","","","","SciSpace Full Text","- **Relevance Score:** 53/100 - **Relevance Tag:** Somewhat Relevant - **Reasoning:** Uses EVT as core framework and estimates VaR/ES on Swiss market data; lacks any bootstrap component, comparisons, theory, or simulations, but clearly applies to finance.","Many Þelds of modern science and engineering have to deal with events which are rare but have signiÞcant consequences. Extreme value theory is considered to provide the basis for the statistical modelling of such extremes. The potential of extreme value theory applied to Þnancial problems has only been recognized recently. This paper aims at introducing the fundamentals of extreme value theory as well as practical aspects for estimating and assessing statistical models for tail-related risk measures.","This paper introduces the fundamentals of extreme value theory and practical aspects for estimating and assessing statistical models for tail-related risk measures. It proposes a statistical model for tail-related risk measures. The core framework uses Extreme Value Theory and applies to finance. The paper lacks any bootstrap component, comparisons, theory, or simulations."
"Quantifying Extreme Market Risk in the selected Western Balkan Countries","https://scispace.com/papers/quantifying-extreme-market-risk-in-the-selected-western-102k6s6hf6","2018","Journal Article","Industrija","Nikola Radivojević
Nikola Ćurčić
Marija Marčetić","10.5937/INDUSTRIJA46-16666","https://scispace.com/pdf/quantifying-extreme-market-risk-in-the-selected-western-102k6s6hf6.pdf","Yes","","","","","","","","","","","SciSpace Full Text","- **Relevance Score:** 52/100 - **Relevance Tag:** Somewhat Relevant - **Reasoning:** Uses EVT to model extreme losses and estimate VaR/ES for Balkan financial markets; no bootstrap techniques, comparisons, proofs, or simulations are presented.","The purpose of this paper is to investigate the performance of unconditional and conditional Value at Risk (VaR) and Expected Shortfall (ES) models based on EVT. The application of one unconditional VaR and ES model based on EVT and three variants of conditional models of VaR and ES based on EVT in the capital markets of the selected WBC was tested in the paper. To test the VaR model, a conditional and unconditional cover test was used, with the note that their results were subject to verification using the Monte Carlo test procedure. The obtained results suggests that these models can be successfully used to quantify extreme market risk in selected markets, in the context of Basel standards. ES models have been tested and ranked using loss function. By using the Bootstrap simulation, these results are subject to verification. The obtained results does not reveal which model is most suitable for the selected markets, since they are differently ranked in different markets.","The obtained results indicate that unconditional and conditional VaR and ES models based on EVT can successfully quantify extreme market risk in selected markets, aligning with Basel standards. VaR models were tested using conditional and unconditional cover tests, verified by Monte Carlo. ES models were tested and ranked using a loss function, with results verified by Bootstrap simulation. However, the study found no single most suitable model for the selected markets, as their rankings varied."
"Tail Risk in the Chinese Vegetable Oil Market: Based on the EGAS-EVT Model","https://scispace.com/papers/tail-risk-in-the-chinese-vegetable-oil-market-based-on-the-3s2r7ah7","2022","Journal Article","Discrete Dynamics in Nature and Society","Yueqiang Zhang
Guanghui Han
Hui Xie
Zixing Wang","10.1155/2022/1904490","https://scispace.com/pdf/tail-risk-in-the-chinese-vegetable-oil-market-based-on-the-3s2r7ah7.pdf","Yes","","","","","","","","","","","SciSpace Full Text","- **Relevance Score:** 52/100 - **Relevance Tag:** Somewhat Relevant - **Reasoning:** Uses EVT to model extreme price movements in Chinese vegetable oil, estimates VaR/ES, but lacks bootstrap techniques, alternative method comparisons, theoretical proofs, or simulation validation.","This paper uses extreme value theory and exponential generalised autoregressive score models to estimate the tail extremes of financial return series. The peak-over-threshold method based on the generalised pareto distribution is combined with the EGAS models and the nonparametric quantile method is used to determine the thresholds in the POT method, which is used to calculate the value-at-risk of financial markets and to perform backtesting. The empirical analysis was conducted on the soybean oil, rapeseed oil, and palm oil futures indices in the Chinese futures market. The study demonstrated that the EGAS-POT models based on nonparametric quantile thresholds can effectively characterise tail risk and provide a feasible measure of risk for investors.","The study demonstrated that the EGAS-POT models, when based on nonparametric quantile thresholds, can effectively characterize tail risk. This approach provides a feasible measure of risk for investors. The empirical analysis was conducted on soybean oil, rapeseed oil, and palm oil futures indices in the Chinese futures market."
"Tail distribution and extreme quantile estimation using non-parametric approaches","https://scispace.com/papers/tail-distribution-and-extreme-quantile-estimation-using-non-211m7q8zh2","2019","Book Chapter","","Imen Rached
Elisabeth Larsson","10.1007/978-3-030-16272-6_3","https://scispace.com/pdf/tail-distribution-and-extreme-quantile-estimation-using-non-211m7q8zh2.pdf","Yes","","","","","","","","","","","SciSpace Full Text","- **Relevance Score:** 51/100 - **Relevance Tag:** Somewhat Relevant - **Reasoning:** Uses EVT to model tail quantiles and estimate VaR/ES, focusing on non‑parametric methods; lacks bootstrap techniques, theoretical guarantees, and simulation comparisons, but applies to finance.","Estimation of tail distributions and extreme quantiles is important in areas such as risk management in finance and insurance in relation to extreme or catastrophic events. The main difficulty from the statistical perspective is that the available data to base the estimates on is very sparse, which calls for tailored estimation methods. In this chapter, we provide a survey of currently used parametric and non-parametric methods, and provide some perspectives on how to move forward with non-parametric kernel-based estimation.","The paper provides a survey of currently used parametric and non-parametric methods for estimating tail distributions and extreme quantiles. It also offers perspectives on how to move forward with non-parametric kernel-based estimation. The importance of these estimations is highlighted for risk management in finance and insurance, particularly for extreme or catastrophic events. The main difficulty identified is the sparsity of available data, necessitating tailored estimation methods. No specific empirical or statistical findings, comparative results, or validation outcomes are detailed in the provided metadata."
"Classification of Extremal Dependence in Financial Markets via Bootstrap
  Inference","http://arxiv.org/abs/2506.04656v1","2025","Preprint","","Qian Hui
Sidney I. Resnick
Tiandong Wang","","http://arxiv.org/pdf/2506.04656v1","Yes","","","","","","","http://arxiv.org/abs/2506.04656v1","2025-06-05T05:51:39Z","math.ST","math.ST, q-fin.ST, stat.TH","arXiv","- **Relevance Score:** 47/100 - **Relevance Tag:** Marginally Relevant - **Reasoning:** Uses EVT to model multivariate heavy‑tailed returns; applies bootstrap testing for extremal dependence, not direct tail‑risk estimation; focuses on finance; lacks comparisons, theory, or simulations.","Accurately identifying the extremal dependence structure in multivariate heavy-tailed data is a fundamental yet challenging task, particularly in financial applications. Following a recently proposed bootstrap-based testing procedure, we apply the methodology to absolute log returns of U.S. S&P 500 and Chinese A-share stocks over a time period well before the U.S. election in 2024. The procedure reveals more isolated clustering of dependent assets in the U.S. economy compared with China which exhibits different characteristics and a more interconnected pattern of extremal dependence. Cross-market analysis identifies strong extremal linkages in sectors such as materials, consumer staples and consumer discretionary, highlighting the effectiveness of the testing procedure for large-scale empirical applications.","The bootstrap-based testing procedure revealed more isolated clustering of dependent assets in the U.S. economy compared with China, which showed a more interconnected pattern of extremal dependence. Cross-market analysis identified strong extremal linkages in sectors such as materials, consumer staples, and consumer discretionary. These findings highlight the effectiveness of the testing procedure for large-scale empirical applications in financial markets."
"Efficient Estimation of Distributional Tail Shape and the Extremal Index with Applications to Risk Management","https://scispace.com/papers/efficient-estimation-of-distributional-tail-shape-and-the-3ypfpia2y6","2016","Journal Article","Journal of Mathematical Finance","Travis Sapp","10.4236/JMF.2016.64046","https://scispace.com/pdf/efficient-estimation-of-distributional-tail-shape-and-the-3ypfpia2y6.pdf","Yes","","","","","","","","","","","SciSpace Full Text","- **Relevance Score:** 46/100 - **Relevance Tag:** Marginally Relevant - **Reasoning:** Uses EVT to estimate tail shape ξ and extremal index θ, providing a comprehensive comparison of five estimators each; includes Monte‑Carlo simulations for performance; applies findings to financial risk management; lacks bootstrap resampling and direct VaR/ES estimation, so does not meet bootstrap‑EVT criteria.","Abundant evidence indicates that financial asset returns are thicker-tailed than a normal distribution would suggest. The most negative outcomes which carry the potential to wreak financial disaster also tend to be the most rare and may fall outside the scope of empirical observation. The difficulty of modelling these rare but extreme events has been greatly reduced by recent advances in extreme value theory (EVT). The tail shape parameter and the extremal index are the fundamental parameters governing the extreme behavior of the distribution, and the effectiveness of EVT in forecasting depends upon their reliable, accurate estimation. This study provides a comprehensive analysis of the performance of estimators of both key parameters. Five tail shape estimators are examined within a Monte Carlo setting along the dimensions of bias, variability, and probability prediction performance. Five estimators of the extremal index are also examined using Monte Carlo simulation. A recommended best estimator is selected in each case and applied within a Value at Risk context to the Wilshire 5000 index to illustrate its usefulness for risk measurement.","This study comprehensively analyzed the performance of five tail shape estimators and five extremal index estimators using Monte Carlo simulations. A recommended best estimator was selected for each parameter based on dimensions like bias, variability, and probability prediction performance. These selected estimators were then applied within a Value at Risk context to the Wilshire 5000 index, illustrating their usefulness for risk measurement. The paper's findings contribute to the reliable and accurate estimation of fundamental parameters governing the extreme behavior of distributions, which is crucial for the effectiveness of Extreme Value Theory in forecasting rare but extreme financial events."
"Extremal index estimation: application to financial data","https://scispace.com/papers/extremal-index-estimation-application-to-financial-data-1l2w57vp4j","2020","Book Chapter","","Maria Cristina Souto Miranda","10.4018/978-1-7998-2136-6.CH006","","No","","","","","","","","","","","SciSpace","- **Relevance Score:** 46/100 - **Relevance Tag:** Marginally Relevant - **Reasoning:** Uses EVT to estimate extremal index for finance; no bootstrap techniques; focuses on clustering of extremes rather than VaR/ES; provides financial example; lacks comparative, theoretical, or simulation components.","In finance it is crucial to understand the risk of occurrence of extreme events such as currency crises or stock market crashes. It is important to model the distribution of extreme events. Extreme value theory is known to accurately estimate quantiles and tail probabilities of financial asset returns. These kinds of data are usual related to heavy tailed distributions, where a relevant parameter is the tail index. Fitting data to heavy tail distributions usually assumes independent observations. However, the most usual real market scenario describes clusters of extreme events rather than isolated records over some period of time. In that case, estimating tail probabilities includes estimating the extremal index. This chapter describes the usual extremal index estimators based in different approaches and illustrates their values for a real financial data set. Computations are provided by the use of suitable R packages.","This chapter describes usual extremal index estimators based on different approaches and illustrates their values for a real financial data set. It highlights that estimating tail probabilities in financial markets, where extreme events often cluster, requires estimating the extremal index. The paper provides computations using suitable R packages. The authors note that they do not consider extreme value theory, focusing instead on clustering of extremes rather than VaR/ES, and that the paper lacks comparative, theoretical, or simulation components."
"Horizon Problems and Extreme Events in Financial Risk Management","https://scispace.com/papers/horizon-problems-and-extreme-events-in-financial-risk-jecxz68dmt","1998","Journal Article","Social Science Research Network","Peter Christoffersen
Peter Christoffersen
Peter Christoffersen
Francis X. Diebold
Francis X. Diebold
Til Schuermann","10.2139/SSRN.145167","https://scispace.com/pdf/horizon-problems-and-extreme-events-in-financial-risk-jecxz68dmt.pdf","Yes","118","","","","","","","","","","SciSpace Full Text","- **Relevance Score:** 44/100 - **Relevance Tag:** Marginally Relevant - **Reasoning:** Uses EVT to model tails and discuss extreme quantiles for financial risk; lacks bootstrap techniques, offers limited tail‑risk estimation detail, and provides no comparisons, theory, or simulations.","Is volatility forecastability important for long-horizon risk management, or is a traditional constant-volatility assumption adequate? In this paper, the authors address this question, exploring the interface between long-horizon financial risk management and long-horizon volatility forecastability and, in particular, whether long-horizon volatility is forecastable enough such that volatility models are useful for long-horizon risk management.","The paper explores the interface between long-horizon financial risk management and long-horizon volatility forecastability. It investigates whether long-horizon volatility is forecastable enough for volatility models to be useful in long-horizon risk management. The paper uses Extreme Value Theory (EVT) to model tails and discuss extreme quantiles for financial risk. However, it lacks bootstrap techniques, offers limited detail on tail-risk estimation, and provides no comparisons, theory, or simulations."
"Distributionally Robust Performance Analysis: Data, Dependence and Extremes","https://scispace.com/papers/distributionally-robust-performance-analysis-data-dependence-3vwfwb3l01","2018","","","Fei He","10.7916/D8MP6M41","https://scispace.com/pdf/distributionally-robust-performance-analysis-data-dependence-3vwfwb3l01.pdf","Yes","","","","","","","","","","","SciSpace Full Text","- **Relevance Score:** 43/100 - **Relevance Tag:** Marginally Relevant - **Reasoning:** Uses EVT to model extreme quantiles for engineering and reinsurance contexts; does not employ bootstrap techniques; focuses on robust tail estimation without explicit bootstrap performance evaluation.","","Not available in metadata."
"Detecting a risk mismatch between actual investment portfolio and its strategic asset allocation","https://scispace.com/papers/detecting-a-risk-mismatch-between-actual-investment-2qsavzz9n7","2012","","","Z.A. Lagerweij","","https://scispace.com/pdf/detecting-a-risk-mismatch-between-actual-investment-2qsavzz9n7.pdf","Yes","","","","","","","","","","","SciSpace Full Text","- **Relevance Score:** 41/100 - **Relevance Tag:** Marginally Relevant - **Reasoning:** Uses EVT to model tail risk and defines VaR/CVaR, but lacks bootstrap techniques, comparative analysis, domain application, theoretical proofs, or simulation results.","","Not available in metadata."
"A More Robust t-Test","http://arxiv.org/abs/2007.07065v1","2020","Preprint","","Ulrich K. Mueller","","http://arxiv.org/pdf/2007.07065v1","Yes","","","","","","","http://arxiv.org/abs/2007.07065v1","2020-07-14T14:42:27Z","econ.EM","econ.EM, math.ST, stat.TH, 62F35","arXiv","- **Relevance Score:** 37/100 - **Relevance Tag:** Marginally Relevant - **Reasoning:** Uses EVT to model extreme observations for a robust t-test; no bootstrap within EVT or tail‑risk focus; includes simulation evidence on test performance.","Standard inference about a scalar parameter estimated via GMM amounts to applying a t-test to a particular set of observations. If the number of observations is not very large, then moderately heavy tails can lead to poor behavior of the t-test. This is a particular problem under clustering, since the number of observations then corresponds to the number of clusters, and heterogeneity in cluster sizes induces a form of heavy tails. This paper combines extreme value theory for the smallest and largest observations with a normal approximation for the average of the remaining observations to construct a more robust alternative to the t-test. The new test is found to control size much more successfully in small samples compared to existing methods. Analytical results in the canonical inference for the mean problem demonstrate that the new test provides a refinement over the full sample t-test under more than two but less than three moments, while the bootstrapped t-test does not.","The new t-test, constructed by combining extreme value theory for the smallest and largest observations with a normal approximation for the average of remaining observations, is found to control size much more successfully in small samples compared to existing methods. Analytical results demonstrate this new test provides a refinement over the full sample t-test under more than two but less than three moments, a benefit not seen with the bootstrapped t-test. This addresses the poor behavior of standard t-tests under moderately heavy tails and clustering, where the number of observations corresponds to the number of clusters and heterogeneity induces heavy tails."
"Introduction to Extreme Value Theory: Applications to Risk Analysis and Management","https://scispace.com/papers/introduction-to-extreme-value-theory-applications-to-risk-7pm7rf9y5g","2019","Book Chapter","","Marie Kratz","10.1007/978-3-030-04161-8_51","","No","","","","","","","","","","","SciSpace","- **Relevance Score:** 35/100 - **Relevance Tag:** Marginally Relevant - **Reasoning:** Provides a comprehensive overview of EVT and threshold selection for GPD fitting, but lacks bootstrap techniques, tail‑risk estimation, comparative analysis, domain application, theoretical proofs, or simulation results.","We present an overview of Univariate Extreme Value Theory (EVT) providing standard and new tools to model the tails of distributions. One of the main issues in the statistical literature of extremes concerns the tail index estimation, which governs the probability of extreme occurrences. This estimation relies heavily on the determination of a threshold above which a Generalized Pareto Distribution (GPD) can be fitted. Approaches to this estimation may be classified into two classes, one qualified as ‘supervised’, using standard Peak Over Threshold (POT) methods, in which the threshold to estimate the tail is chosen graphically according to the problem, the other class collects unsupervised methods, where the threshold is algorithmically determined.","The paper presents an overview of Univariate Extreme Value Theory (EVT), offering standard and new tools to model distribution tails. A key finding is that tail index estimation, crucial for extreme occurrences, relies heavily on determining a threshold for Generalized Pareto Distribution (GPD) fitting. Approaches to this threshold determination are classified into 'supervised' methods, using standard Peak Over Threshold (POT) where the threshold is chosen graphically, and 'unsupervised' methods, where it is algorithmically determined. The abstract outlines the theoretical framework and methodological classifications for EVT applications in risk analysis."
"Robust Inference of Risks of Large Portfolios","http://arxiv.org/abs/1501.02382v1","2015","Preprint","","Jianqing Fan
Fang Han
Han Liu
Byron Vickers","","http://arxiv.org/pdf/1501.02382v1","Yes","","","","","","","http://arxiv.org/abs/1501.02382v1","2015-01-10T18:49:32Z","math.ST","math.ST, q-fin.PM, stat.TH","arXiv","- **Relevance Score:** 31/100 - **Relevance Tag:** Marginally Relevant - **Reasoning:** Robust H‑CLUB uses bootstrap for portfolio risk, offers theoretical guarantees and simulations, compares to H‑CLUB, applied to finance; lacks explicit EVT framework.","We propose a bootstrap-based robust high-confidence level upper bound (Robust H-CLUB) for assessing the risks of large portfolios. The proposed approach exploits rank-based and quantile-based estimators, and can be viewed as a robust extension of the H-CLUB method (Fan et al., 2015). Such an extension allows us to handle possibly misspecified models and heavy-tailed data. Under mixing conditions, we analyze the proposed approach and demonstrate its advantage over the H-CLUB. We further provide thorough numerical results to back up the developed theory. We also apply the proposed method to analyze a stock market dataset.","The paper analyzes a bootstrap-based Robust H-CLUB method, demonstrating its advantage over the H-CLUB method under mixing conditions. It provides thorough numerical results to support the developed theory. The proposed approach is also applied to analyze a stock market dataset. The method is designed to handle possibly misspecified models and heavy-tailed data, offering a robust extension for assessing risks of large portfolios."
"Conditional Extremes in Asymmetric Financial Markets","https://scispace.com/papers/conditional-extremes-in-asymmetric-financial-markets-4e3qb5uevj","2020","Journal Article","Journal of Business & Economic Statistics","Natalia Nolde
Jinyuan Zhang","10.1080/07350015.2018.1476248","https://scispace.com/pdf/conditional-extremes-in-asymmetric-financial-markets-4e3qb5uevj.pdf","Yes","","","","","","","","","","","SciSpace Full Text","- **Relevance Score:** 31/100 - **Relevance Tag:** Marginally Relevant - **Reasoning:** Uses EVT to model asymmetric conditional extremes in finance; lacks bootstrap techniques and tail‑risk measures, offers limited comparisons and theoretical proofs, no simulation study.","The global financial crisis of 2007–2009 revealed the great extent to which systemic risk can jeopardize the stability of the entire financial system. An effective methodology to quantify s...","The global financial crisis of 2007–2009 highlighted the need for an effective methodology to quantify systemic risk. This paper proposed such a methodology, focusing on conditional extremes in asymmetric financial markets. The research uses Extreme Value Theory (EVT) to model these asymmetric conditional extremes. However, it lacks bootstrap techniques and tail-risk measures, offers limited comparisons, and does not include a simulation study or theoretical proofs."
"Robust value at risk prediction","https://academic.oup.com/jfec/article-abstract/9/2/281/815616","2010","Journal Article","Social Science Research Network","Loriano Mancini
Fabio Trojani
Fabio Trojani","10.2139/SSRN.776124","https://papers.ssrn.com/sol3/Delivery.cfm?abstractid=776124","Yes","87","nya_BoULsT8J","","","","","","","","","SciSpace","- **Relevance Score:** 25/100 - **Relevance Tag:** Marginally Relevant - **Reasoning:** Uses robust bootstrap to improve VaR forecasts from GARCH models; focuses on finance, includes Monte Carlo simulations and compares against RiskMetrics, CAViaR, etc., but does not employ EVT framework.","This paper proposes a robust semiparametric bootstrap method to estimate predictive distributions of GARCH-type models. The method is based on a robust estimation of parametric GARCH models and a robustified resampling scheme for GARCH residuals that controls bootstrap instability due to outlying observations. A Monte Carlo simulation shows that our robust method provides more accurate VaR forecasts than classical methods, often by a large extent, especially for several days ahead horizons and/or in presence of outlying observations. An empirical application confirms the simulation results. The robust procedure outperforms in backtesting several other VaR prediction methods, such as RiskMetrics, CAViaR, Historical Simulation, and classical Filtered Historical Simulation methods. We show empirically that robust estimation reduces tail estimation risk, providing more accurate and more stable VaR prediction intervals over time.","A Monte Carlo simulation demonstrates that the proposed robust method yields more accurate VaR forecasts than classical methods, particularly for longer horizons or in the presence of outliers. An empirical application confirms these simulation results. The robust procedure outperforms RiskMetrics, CAViaR, Historical Simulation, and classical Filtered Historical Simulation methods in backtesting. Empirically, robust estimation reduces tail estimation risk, leading to more accurate and stable VaR prediction intervals over time."
"Extreme returns, tail estimation, and value-at-risk","https://www.fmg.ac.uk/sites/default/files/2020-11/dp273.pdf","1997","Posted Content","Research Papers in Economics","Jon Danielsson","","https://www.fmg.ac.uk/sites/default/files/2020-11/dp273.pdf","Yes","72","86H8zDulAaYJ","","","","","","","","","SciSpace","- **Relevance Score:** 22/100 - **Relevance Tag:** Not Relevant - **Reasoning:** Compares historical simulation, RiskMetrics, and a tail‑estimator for VaR in US stock returns; uses finance data; lacks bootstrap and EVT theory; no simulations or proofs.","Accurate prediction of extreme events are of primary importance in many financial applications. The properties of historical simulation and Risk Metrics techniques for computing Valu-at Risk (VaR) are compared with a method which involves modelling the tails of financial returns explicitly with a tail estimator. The methods are compared using a sample of U.S. stock returns. For predictions of low probability worst outcomes, RiskMetrics type analysis underpredicts while historical simulation overpredicts. However, the estimates obtained from applying the tail estimator are more accurate in the VaR prediction. This implies that capital requirements can be lower by doing VaR with the tail estimator.","For predictions of low probability worst outcomes, RiskMetrics analysis underpredicts, while historical simulation overpredicts. Estimates from applying the tail estimator are more accurate in VaR prediction compared to historical simulation and RiskMetrics techniques. This improved accuracy implies that capital requirements can be lower when using the tail estimator for VaR. The methods were compared using a sample of U.S. stock returns."
"Tail Dependence Considerations for Cross-Asset Portfolios","https://scispace.com/papers/tail-dependence-considerations-for-cross-asset-portfolios-34w10hm8jx","2016","","","Johanna Trost","","https://scispace.com/pdf/tail-dependence-considerations-for-cross-asset-portfolios-34w10hm8jx.pdf","Yes","","","","","","","","","","","SciSpace Full Text","- **Relevance Score:** 21/100 - **Relevance Tag:** Not Relevant - **Reasoning:** Discusses tail risk in cross‑asset finance, mentions EVT‑GARCH, but provides no bootstrap, proofs, or simulations; thus only partially meets EVT and tail‑risk goals.","Extreme events, heaviness of log return distribution tails and bivariate asymptotic dependence are important aspects of cross-asset tail risk hedging and diversification. These are in this thesis i ...","Not available in metadata."
"Estimation methods for value at risk","https://onlinelibrary.wiley.com/doi/abs/10.1002/9781118650318.ch12","2016","Book Chapter","","Stephen Chan","10.1002/9781118650318.CH12","","No","22","UflUtqqEFkwJ","","","","","","","","","Google Scholar","- **Relevance Score:** 17/100 - **Relevance Tag:** Not Relevant - **Reasoning:** Reviews VaR estimation formulas, but lacks EVT focus and bootstrap techniques; mentions finance applications and tail‑risk goals without detailed comparisons, theory, or simulations.","","The paper reviews known methods for estimating Value at Risk (VaR) and provides the main formulas for computing VaR for each estimation method. It avoids giving full details for each estimation. The paper's relevance data indicates it is somewhat relevant to tail-risk estimation objectives and application domains in finance."
"High-dimensional Simultaneous Inference on Non-Gaussian VAR Model via
  De-biased Estimator","http://arxiv.org/abs/2111.01382v1","2021","Preprint","","Linbo Liu
Danna Zhang","","http://arxiv.org/pdf/2111.01382v1","Yes","","","","","","","http://arxiv.org/abs/2111.01382v1","2021-11-02T05:54:05Z","stat.ME","stat.ME","arXiv","- **Relevance Score:** 6/100 - **Relevance Tag:** Not Relevant - **Reasoning:** Provides rigorous Gaussian approximation and multiplier bootstrap theory for high-dimensional VAR, but does not address EVT, tail‑risk, or related applications.","Simultaneous inference for high-dimensional non-Gaussian time series is always considered to be a challenging problem. Such tasks require not only robust estimation of the coefficients in the random process, but also deriving limiting distribution for a sum of dependent variables. In this paper, we propose a multiplier bootstrap procedure to conduct simultaneous inference for the transition coefficients in high-dimensional non-Gaussian vector autoregressive (VAR) models. This bootstrap-assisted procedure allows the dimension of the time series to grow exponentially fast in the number of observations. As a test statistic, a de-biased estimator is constructed for simultaneous inference. Unlike the traditional de-biased/de-sparsifying Lasso estimator, robust convex loss function and normalizing weight function are exploited to avoid any unfavorable behavior at the tail of the distribution. We develop Gaussian approximation theory for VAR model to derive the asymptotic distribution of the de-biased estimator and propose a multiplier bootstrap-assisted procedure to obtain critical values under very mild moment conditions on the innovations. As an important tool in the convergence analysis of various estimators, we establish a Bernstein-type probabilistic concentration inequality for bounded VAR models. Numerical experiments verify the validity and efficiency of the proposed method.","The paper proposes a multiplier bootstrap procedure for simultaneous inference on transition coefficients in high-dimensional non-Gaussian VAR models. Key theoretical results include developing Gaussian approximation theory for the VAR model to derive the asymptotic distribution of a de-biased estimator and establishing a Bernstein-type probabilistic concentration inequality for bounded VAR models. Numerical experiments verify the validity and efficiency of the proposed method. This bootstrap-assisted procedure allows time series dimensions to grow exponentially fast in the number of observations. The approach uses a robust convex loss function and normalizing weight function to avoid unfavorable behavior at distribution tails, obtaining critical values under mild moment conditions."
"Estimation of Extreme Quantiles for Functions of Dependent Random
  Variables","http://arxiv.org/abs/1311.5604v1","2013","Preprint","","Jinguo Gong
Yadong Li
Liang Peng
Qiwei Yao","","http://arxiv.org/pdf/1311.5604v1","Yes","","","","","","","http://arxiv.org/abs/1311.5604v1","2013-11-21T22:40:08Z","stat.ME","stat.ME","arXiv","- **Relevance Score:** 5/100 - **Relevance Tag:** Not Relevant - **Reasoning:** Uses vine copulas and bootstrap quantile estimation, not EVT; lacks tail‑risk focus. Provides consistency proof and simulation, offering limited relevance to theoretical and simulation criteria.","We propose a new method for estimating the extreme quantiles for a function of several dependent random variables. In contrast to the conventional approach based on extreme value theory, we do not impose the condition that the tail of the underlying distribution admits an approximate parametric form, and, furthermore, our estimation makes use of the full observed data. The proposed method is semiparametric as no parametric forms are assumed on all the marginal distributions. But we select appropriate bivariate copulas to model the joint dependence structure by taking the advantage of the recent development in constructing large dimensional vine copulas. Consequently a sample quantile resulted from a large bootstrap sample drawn from the fitted joint distribution is taken as the estimator for the extreme quantile. This estimator is proved to be consistent. The reliable and robust performance of the proposed method is further illustrated by simulation.","The paper proposes a new semiparametric method for estimating extreme quantiles of functions of dependent random variables, which does not rely on parametric tail forms or extreme value theory. A key theoretical result is that the proposed estimator, derived from a large bootstrap sample drawn from a fitted joint distribution (modeled with bivariate copulas and vine copulas), is proven to be consistent. The method's reliable and robust performance is further illustrated by simulation. This approach offers a robust alternative to conventional methods by utilizing full observed data and avoiding strong parametric assumptions on marginal distributions."
"Eichler integrals and generalized second order Eisenstein series","http://arxiv.org/abs/2203.15462v1","2022","Preprint","","Albin Ahlbäck
Tobias Magnusson
Martin Raum","","http://arxiv.org/pdf/2203.15462v1","Yes","","","","","","","http://arxiv.org/abs/2203.15462v1","2022-03-29T12:04:01Z","math.NT","math.NT, 11F11, 11F30, 11F75","arXiv","- **Relevance Score:** 0/100 - **Relevance Tag:** Not Relevant - **Reasoning:** Studies modular forms and Eisenstein series; lacks EVT, bootstrap, or tail‑risk analysis.","We show that all Eichler integrals, and more generally all ""generalized second order modular forms"" can be expressed as linear combinations of corresponding generalized second order Eisenstein series with coefficients in classical modular forms. We determine the Fourier series expansions of generalized second order Eisenstein series in level one, and provide tail estimates via convexity bounds for additively twisted $\mathrm{L}$-functions. As an application, we illustrate a bootstrapping procedure that yields numerical evaluations of, for instance, Eichler integrals from merely the associated cocycle. The proof of our main results rests on a filtration argument that is largely rooted in previous work on vector-valued modular forms, which we here formulate in classical terms.","The paper demonstrates that all Eichler integrals and generalized second order modular forms can be expressed as linear combinations of generalized second order Eisenstein series with classical modular form coefficients. It provides Fourier series expansions for generalized second order Eisenstein series in level one and tail estimates using convexity bounds for additively twisted L-functions. As an application, a bootstrapping procedure is illustrated for numerical evaluations of Eichler integrals from their associated cocycle. The main results are proven using a filtration argument based on previous work on vector-valued modular forms, formulated in classical terms."
"Simultaneous confidence bands for the integrated hazard function","http://arxiv.org/abs/math/0601346v1","2006","Preprint","","Anna Dudek
Maciej Gocwin
Jacek Leskow","","http://arxiv.org/pdf/math/0601346v1","Yes","","","","","","","http://arxiv.org/abs/math/0601346v1","2006-01-14T10:54:32Z","math.ST","math.ST, stat.TH, 65C60, 62F25, 62F40","arXiv","- **Relevance Score:** 0/100 - **Relevance Tag:** Not Relevant - **Reasoning:** Focuses on bootstrap confidence bands for survival hazard, not EVT, tail‑risk, or related comparisons.","The construction of the simultaneous confidence bands for the integrated hazard function is considered. The Nelson--Aalen estimator is used. The simultaneous confidence bands based on bootstrap methods are presented. Two methods of construction of such confidence bands are proposed. The weird bootstrap method is used for resampling. Simulations are made to compare the actual coverage probability of the bootstrap and the asymptotic simultaneous confidence bands. It is shown that the equal--tailed bootstrap confidence band has the coverage probability closest to the nominal one. We also present application of our confidence bands to the data regarding survival after heart transplant.","Simulations were conducted to compare the actual coverage probability of bootstrap and asymptotic simultaneous confidence bands. It was shown that the equal-tailed bootstrap confidence band achieved a coverage probability closest to the nominal one. The paper also presents an application of these confidence bands to data concerning survival after heart transplant."
"Relative errors for bootstrap approximations of the serial correlation
  coefficient","http://arxiv.org/abs/1306.1324v1","2013","Preprint","","Chris Field
John Robinson","10.1214/13-AOS1111","http://arxiv.org/pdf/1306.1324v1","Yes","","","","","","","http://arxiv.org/abs/1306.1324v1","2013-06-06T07:39:36Z","math.ST","math.ST, stat.TH","arXiv","- **Relevance Score:** 0/100 - **Relevance Tag:** Not Relevant - **Reasoning:** Focuses on bootstrap for AR(1) serial correlation; no EVT, tail‑risk, or related applications discussed.","We consider the first serial correlation coefficient under an AR(1) model where errors are not assumed to be Gaussian. In this case it is necessary to consider bootstrap approximations for tests based on the statistic since the distribution of errors is unknown. We obtain saddle-point approximations for tail probabilities of the statistic and its bootstrap version and use these to show that the bootstrap tail probabilities approximate the true values with given relative errors, thus extending the classical results of Daniels [Biometrika 43 (1956) 169-185] for the Gaussian case. The methods require conditioning on the set of odd numbered observations and suggest a conditional bootstrap which we show has similar relative error properties.","The paper obtains saddle-point approximations for tail probabilities of the first serial correlation coefficient and its bootstrap version under an AR(1) model with non-Gaussian errors. It shows that bootstrap tail probabilities approximate true values with given relative errors, extending Daniels' classical results for the Gaussian case. The methods involve conditioning on odd-numbered observations, leading to a conditional bootstrap. This conditional bootstrap is demonstrated to possess similar relative error properties."